"Lorem ipsum dolor sit amet, consectetur adipiscing elit.","Lorem ipsum dolor sit amet, consectetur adipiscing elit. Integer in porttitor lacus, a tempor nunc. Lorem ipsum dolor sit amet, consectetur adipiscing elit. Integer convallis turpis velit, vel molestie lorem dapibus et. Etiam tristique varius ornare. Proin ut nunc nec lorem sagittis iaculis. Vivamus sit amet erat vel ante scelerisque pretium sed euismod sem. Nullam elementum metus nec libero venenatis, cursus sodales ligula suscipit. Phasellus eget magna sit amet ligula volutpat facilisis ut sit amet erat. Morbi posuere mi ut sagittis volutpat. Vestibulum malesuada metus in turpis mattis, vitae suscipit felis molestie. Nam libero tellus, tristique ut mollis quis, pellentesque eget ipsum. Quisque arcu arcu, sollicitudin id suscipit ac, fringilla at augue. Proin elementum laoreet neque. Etiam urna lacus, consequat ac magna ut, suscipit mattis purus. Nunc sit amet lacinia erat, eu vestibulum ipsum. Vivamus egestas felis mollis dolor fringilla, eget scelerisque lacus posuere."
"Donec tincidunt nunc ut volutpat venenatis.","Nullam in risus tincidunt mi faucibus tristique eget in nisi. Nam dapibus, ante eu accumsan iaculis, orci est feugiat justo, et varius diam metus quis dui. Mauris vestibulum turpis non pretium pharetra. Donec molestie mauris nec urna consequat auctor. Aenean ut faucibus lectus. Proin sit amet lacinia diam. Etiam eu convallis libero, et tincidunt sapien. Aenean blandit malesuada nisi sit amet tincidunt."
"Curabitur a purus id erat lacinia sagittis.","Praesent rutrum odio sed nunc facilisis, a scelerisque leo auctor. Interdum et malesuada fames ac ante ipsum primis in faucibus. Sed accumsan placerat nisl, sit amet lacinia mi sollicitudin ut. Mauris accumsan vitae urna et tincidunt. Class aptent taciti sociosqu ad litora torquent per conubia nostra, per inceptos himenaeos. Ut pharetra hendrerit quam et pulvinar. Ut pellentesque pharetra purus, viverra sagittis sapien bibendum id."
"Phasellus luctus nunc ut feugiat faucibus.","Maecenas in libero felis. Aliquam erat volutpat. Integer vel mauris suscipit dolor pellentesque laoreet ac non massa. Quisque vulputate vestibulum leo. Donec in lorem et erat malesuada tempor. Donec non lectus ut justo placerat mollis. Cum sociis natoque penatibus et magnis dis parturient montes, nascetur ridiculus mus. Fusce gravida massa vitae lacus auctor, nec elementum arcu tincidunt. Nam auctor orci eu orci sagittis molestie."
"Proin placerat est viverra dolor bibendum commodo.","In ullamcorper metus quam, vitae vehicula orci mattis quis. Integer et urna vitae nisl tempus adipiscing. Sed nunc tortor, tempor pulvinar dui vitae, suscipit bibendum nunc. Phasellus scelerisque pulvinar nisi sit amet rhoncus. In consequat varius metus, eget feugiat enim euismod nec. Praesent non auctor ligula. Duis porta, dolor a tincidunt ornare, diam neque iaculis dui, quis porttitor dui tortor nec sem."
"Sed eleifend sem id dui porta lacinia.","Fusce sed nibh interdum, vehicula sapien a, viverra diam. Phasellus vitae tristique dui, in luctus lectus. Aliquam erat volutpat. Pellentesque lacus massa, vehicula quis ante a, ultrices semper urna. Nulla consectetur magna et blandit gravida. Quisque ut turpis consequat, sollicitudin nisl fringilla, pretium dolor. Phasellus consectetur eu libero in sodales."
"Etiam tempor massa id condimentum sodales.","Duis commodo, tortor suscipit luctus semper, lectus nulla pellentesque purus, eget pretium nisi purus vitae metus. Vestibulum a faucibus lacus, non congue enim. Curabitur dictum nisi eu tellus ornare, quis varius enim ultrices. Nulla pellentesque cursus nisl, ut ornare erat placerat quis. Sed fringilla lorem ut odio adipiscing scelerisque. Nulla facilisi. Class aptent taciti sociosqu ad litora torquent per conubia nostra, per inceptos himenaeos. Donec non vestibulum purus, id tempor lorem. Praesent volutpat nibh turpis, eget imperdiet lacus scelerisque ac. Fusce augue lectus, ornare quis ante quis, congue accumsan metus. Nulla fringilla leo tortor, id imperdiet augue congue sit amet."
"Mauris posuere dolor ac ligula interdum, ut fringilla lacus interdum.","Integer id suscipit purus. Donec at laoreet mi. Aliquam quis aliquet velit, ut accumsan mauris. Pellentesque viverra molestie mauris, et ultricies ligula pharetra at. Cras sed facilisis risus. Pellentesque consequat interdum elit consectetur mattis. Fusce malesuada vulputate odio et semper. Nam ut urna eget purus fringilla aliquam. Nullam at molestie erat."
"Etiam quis elit accumsan, semper quam sit amet, tempus lacus.","Fusce tempor tristique nibh, sit amet molestie ipsum ullamcorper non. Nulla erat lacus, vestibulum dapibus ullamcorper ut, ultricies vitae nibh. In convallis rhoncus aliquet. Etiam a venenatis dolor. Donec sagittis convallis magna, nec ornare lorem elementum a. In dictum felis et ullamcorper sollicitudin. Morbi accumsan luctus fringilla. In malesuada mauris vel sagittis pharetra. Fusce consequat a lectus vel eleifend."
"Fusce ac ante vitae urna ornare lacinia ac eu urna.","Curabitur ipsum ipsum, adipiscing in laoreet eget, dictum eget magna. Duis vitae tincidunt leo. Etiam ultricies, orci eget aliquet rutrum, ante augue pellentesque magna, id sollicitudin felis arcu a tortor. Vestibulum elementum libero ligula, id ornare diam malesuada sed. In ac lectus vitae ligula gravida commodo. Ut eu erat eros. Morbi ante orci, interdum blandit tempor nec, adipiscing in dui. Ut nec dignissim elit. Nullam nec pretium justo. Cras sit amet nisl elit. Nunc varius ligula id justo cursus convallis. Vestibulum viverra est lorem, id tristique leo vulputate luctus. Fusce euismod ornare nunc at dapibus."
"Aenean imperdiet nisi vitae ipsum dictum, eget consequat odio ullamcorper.","Vestibulum ac enim tincidunt, tempus velit sed, laoreet lorem. Vivamus quis turpis sollicitudin massa suscipit commodo non nec est. Donec cursus metus quis libero suscipit dictum. Donec diam justo, pulvinar euismod ipsum et, eleifend facilisis tellus. Aliquam vel eleifend tellus. Cras ut accumsan sem. Sed non congue est, sit amet egestas quam. Donec scelerisque ultricies dui sit amet euismod. Nam nec augue ac lacus porttitor ultricies ut ut urna. Nunc sit amet rutrum ante. Duis ac nulla eget lorem interdum vehicula a a dolor. Donec quis enim non nisl tincidunt molestie vel ac diam. Nullam est tellus, lobortis nec est quis, iaculis consequat massa. Pellentesque vel fringilla metus, a iaculis tortor."
"Pellentesque at arcu a nisi pretium rutrum non sit amet tortor.","Sed non lobortis velit, nec consequat libero. Ut sagittis felis arcu, vitae porta velit facilisis nec. Mauris nec consequat elit, sit amet ornare sapien. Donec nec ante dui. Nunc ut condimentum mauris. Integer sit amet cursus dui, sit amet lacinia dui. Mauris ut tincidunt justo, nec pulvinar tellus. Etiam aliquet lorem ipsum, quis molestie augue cursus vitae. Aenean ac ante vitae tellus sollicitudin cursus. Donec cursus mattis mattis."
"Nulla aliquam dui a risus sodales, id feugiat ligula commodo.","Proin ullamcorper justo at commodo pulvinar. Sed non ultricies neque. Ut suscipit ut purus ac feugiat. Nullam et est arcu. Vivamus quis nisi euismod, hendrerit mauris ac, mattis lectus. Pellentesque sed tempus mauris. Cras accumsan tellus imperdiet elit dignissim, eu suscipit ligula placerat. Integer nec quam pharetra neque dignissim malesuada. Vivamus dictum auctor nisl eget fringilla. Aliquam rutrum enim quis massa mollis, et iaculis diam sodales. Fusce ac imperdiet libero. Curabitur sapien nulla, ultrices et aliquet quis, tempor in eros. Aenean posuere elementum libero, quis pulvinar velit gravida vitae. Mauris rhoncus at est id ornare. Suspendisse ipsum turpis, vestibulum quis suscipit sit amet, rhoncus et nisl. Proin eu molestie nisi."
"Aenean ut magna aliquet, adipiscing massa id, lacinia lacus.","Suspendisse justo lorem, feugiat eu ullamcorper a, tempus sed orci. Aliquam sagittis tortor in justo condimentum, vel mattis odio ornare. Integer auctor, orci eget ornare consequat, elit orci ullamcorper sapien, ut porta felis orci a libero. Phasellus condimentum, felis non laoreet rutrum, augue odio faucibus augue, sit amet vehicula arcu orci at nisi. Donec cursus eros vitae nisl lobortis, ut posuere justo pellentesque. Pellentesque consequat pulvinar libero vitae facilisis. Morbi viverra adipiscing velit nec consequat. Sed in mollis justo. Etiam rhoncus ultrices nisi sit amet pretium. Integer porttitor, lacus vitae dignissim consectetur, felis risus fermentum tortor, eu iaculis libero elit at elit. Duis venenatis ac mi ac blandit. Proin condimentum pharetra justo, vel facilisis quam rutrum nec. Curabitur semper luctus ipsum non vestibulum. Suspendisse quis urna et odio vulputate ullamcorper non nec arcu. Donec lobortis a quam at tristique."
"Ut eu massa a augue accumsan dignissim eleifend at tortor.","Donec sodales cursus justo. Ut feugiat sed leo at tristique. Donec eu iaculis dui. Aenean malesuada nec ante sit amet euismod. Maecenas tempus malesuada dolor, suscipit blandit eros interdum nec. Proin magna ipsum, ullamcorper vel feugiat sed, dictum nec metus. Aliquam fermentum adipiscing odio ac tempor. Proin et diam diam. Aliquam consectetur velit non sem pharetra, nec commodo magna volutpat. Quisque nec neque vitae libero pulvinar mollis. Cras sagittis fermentum erat, nec suscipit diam consectetur luctus."
"Nam volutpat erat ac nisl luctus, a dictum odio aliquam.","Curabitur eget leo quam. Mauris in condimentum erat. Morbi sit amet nisi sit amet sem dapibus rutrum. Nulla dapibus mi leo, vehicula laoreet massa rutrum sit amet. Mauris sit amet metus id ligula pulvinar malesuada at sit amet lorem. Morbi sit amet sem felis. Donec erat nulla, sodales sit amet mauris in, venenatis laoreet risus. Etiam pharetra accumsan volutpat. Nam urna est, malesuada congue lacinia et, placerat ac metus. Praesent malesuada tristique turpis, in fringilla mi tristique non. Mauris nec nisi id erat pulvinar volutpat. Aliquam posuere, tellus a venenatis sodales, risus mauris suscipit sapien, ut euismod est ipsum cursus quam. Sed nec quam metus."
"Fusce eget mauris non mi volutpat eleifend.","Cras eleifend est et turpis ornare, sit amet molestie lectus pharetra. Quisque tempus lorem id nunc lobortis, eu vulputate sapien condimentum. Fusce aliquet pulvinar orci ac gravida. Nunc sollicitudin suscipit euismod. Cras in porta purus. Ut ac ligula luctus, pulvinar lorem id, hendrerit nisl. Curabitur lacinia dolor nec mi placerat, at vestibulum nibh pharetra. Donec sapien purus, ultrices at eleifend eu, vulputate eu nisl. Vivamus mauris neque, interdum eu eros vitae, pretium viverra libero. Duis pulvinar in odio ut dapibus."
"Aliquam vitae sem vel ipsum ultrices ornare eget in magna.","Nam eu ipsum at mi iaculis lobortis ac sit amet libero. Donec varius adipiscing eros sit amet dignissim. In vitae volutpat tortor. Donec mi diam, sodales a lectus ac, tempus imperdiet risus. Donec sit amet felis at lacus aliquet ullamcorper. Nullam blandit a orci vitae rutrum. Etiam id tristique nulla."
"Proin sit amet arcu sit amet magna ullamcorper tempor.","Ut tempor, leo id vestibulum elementum, augue dolor euismod purus, elementum rutrum arcu dolor eget felis. Duis lorem purus, viverra quis imperdiet non, eleifend nec purus. Class aptent taciti sociosqu ad litora torquent per conubia nostra, per inceptos himenaeos. Cras ut semper libero, consectetur suscipit urna. Vivamus facilisis lobortis ligula, sed interdum urna lacinia in. Duis nec tincidunt ante. Duis vitae pretium mauris. Aliquam hendrerit sed erat in tempus. Cras viverra, massa sit amet porta rhoncus, justo metus ornare eros, quis molestie mi orci sit amet justo. Phasellus rhoncus, nibh et facilisis euismod, nisl quam mattis urna, ac sodales sapien ligula et felis. Donec ut ipsum est."
"Sed et libero imperdiet massa rutrum feugiat.","Sed augue lorem, scelerisque vel augue vitae, pharetra volutpat dui. Donec luctus scelerisque velit ut dapibus. Etiam molestie sapien nulla, eget suscipit justo egestas et. Donec lorem libero, viverra vel ipsum eu, malesuada egestas odio. In vestibulum tellus ac augue convallis luctus. Suspendisse feugiat quam vestibulum ipsum faucibus suscipit. Etiam sodales orci sit amet metus placerat, sed malesuada eros ultricies. Vestibulum ante ipsum primis in faucibus orci luctus et ultrices posuere cubilia Curae;"
"Morbi vel urna eu arcu mollis volutpat.","In at nisl nisi. Nullam dui risus, ullamcorper non purus in, fermentum consectetur mi. Suspendisse ut eleifend elit. Nulla vitae lorem nibh. Cras consequat risus quis ullamcorper luctus. Phasellus iaculis vitae lectus vitae eleifend. Suspendisse id neque erat. Cras tristique malesuada malesuada. Donec at molestie nunc. Donec id pretium tortor, et semper tellus. Suspendisse enim nunc, facilisis vitae magna quis, tincidunt condimentum erat."
"Nullam congue odio sed cursus feugiat.","Suspendisse sed aliquam dui, eget vehicula ligula. Suspendisse tempus, odio et viverra pellentesque, turpis libero scelerisque velit, quis faucibus neque dolor sit amet dolor. Proin dignissim nulla sit amet euismod eleifend. Morbi dapibus, nunc eget pretium elementum, nisi elit scelerisque dui, nec aliquet erat ligula sit amet mi. Nunc sed orci sollicitudin, gravida neque eu, faucibus mauris. Curabitur mattis ligula a lorem varius ultrices. Vivamus sit amet quam elementum, molestie ipsum sit amet, ultricies eros. Morbi eu ullamcorper neque, vel faucibus velit. Phasellus dictum mi ut velit dapibus viverra. Ut eu justo velit."
"Mauris mattis metus sed porttitor rhoncus.","Nullam tempor libero at massa vestibulum, eu consequat ipsum facilisis. Fusce imperdiet condimentum tristique. Ut ullamcorper erat nec nisl consequat, a porttitor tortor feugiat. Fusce interdum, odio vitae vehicula tempor, lorem velit consectetur magna, id dapibus felis urna sit amet odio. Pellentesque sed tincidunt arcu. Nulla ultrices sit amet nisi lobortis sodales. Sed ut condimentum massa."
"Aliquam vel lacus bibendum, tempus augue vel, volutpat nulla.","Fusce suscipit porta euismod. In euismod sapien a tempor lobortis. Aenean mattis semper dui, nec luctus sapien vehicula et. Mauris at sodales nunc. Nunc consequat mi sed quam euismod pulvinar. Quisque feugiat molestie augue, et auctor mauris egestas nec. Nunc sodales neque eget adipiscing ultrices. Quisque suscipit lobortis tortor sit amet mollis. Ut ultrices ligula eget enim posuere iaculis. Sed est sapien, hendrerit sit amet sem a, scelerisque semper metus. Vestibulum velit nibh, malesuada vitae ipsum sed, congue laoreet magna. Praesent tristique nisl ut massa elementum pulvinar. Pellentesque habitant morbi tristique senectus et netus et malesuada fames ac turpis egestas. Suspendisse vehicula gravida metus eget lacinia. Duis ante libero, semper ac lacus et, tincidunt interdum lorem."
"Praesent tincidunt dolor a velit rutrum luctus.","Donec ornare nibh erat, vitae adipiscing ante consectetur quis. Suspendisse pretium arcu arcu, at malesuada metus molestie sit amet. Pellentesque ac quam est. Curabitur nec viverra arcu. Duis et felis luctus, tincidunt arcu in, vulputate nisl. Curabitur condimentum feugiat risus, tincidunt elementum nibh eleifend ac. Aliquam ornare tincidunt mauris, vitae varius mi vestibulum nec. Vestibulum non mi et sem aliquam volutpat. Nam a risus dictum, porta nibh sit amet, sodales eros. Phasellus erat arcu, dapibus in vehicula vitae, mattis ac diam. Vestibulum ante ipsum primis in faucibus orci luctus et ultrices posuere cubilia Curae; Praesent diam quam, pharetra non mollis sed, rhoncus quis libero. Praesent suscipit nunc non imperdiet lacinia."
"Nam dapibus purus eu tortor porttitor, in dictum leo porta.","Nullam pharetra sagittis justo quis interdum. Nam non leo tempus, vulputate purus vel, malesuada mi. Integer convallis lacus metus, sed hendrerit enim molestie quis. Mauris suscipit adipiscing libero. Morbi eu est sit amet mi tincidunt aliquet. Nullam nec risus vitae velit auctor pharetra. Suspendisse lobortis, leo et accumsan condimentum, libero tellus pulvinar tellus, nec elementum eros mi ut odio. Fusce dignissim eros a neque adipiscing faucibus. Duis a nisi metus. Vivamus accumsan malesuada lorem, vel pharetra magna blandit vitae. Vestibulum aliquam nibh at tellus consequat, eu consequat velit ultrices."
"Proin bibendum purus in justo adipiscing dapibus.","Cras sed dui ipsum. Cras blandit gravida lectus eu consectetur. Lorem ipsum dolor sit amet, consectetur adipiscing elit. Pellentesque habitant morbi tristique senectus et netus et malesuada fames ac turpis egestas. Donec quis scelerisque massa. Praesent ultrices augue at elit iaculis vestibulum. Pellentesque viverra feugiat felis, id gravida arcu. Donec tincidunt vestibulum dictum. Aliquam aliquam nisl consequat diam rhoncus, in ultricies diam fermentum. Morbi sed convallis nisi, a venenatis nunc. Donec pellentesque nunc nec metus rutrum porta. Integer gravida velit sit amet tortor cursus, at scelerisque elit rutrum. Interdum et malesuada fames ac ante ipsum primis in faucibus."
"Nam faucibus tortor in dui eleifend, in fringilla felis varius.","Phasellus porta, nibh ut vehicula vulputate, dolor eros dignissim lectus, vel sagittis erat mi sit amet nunc. Etiam sit amet diam id mauris cursus euismod in at felis. Aenean nec diam non augue faucibus suscipit vel vel felis. Pellentesque orci magna, accumsan id faucibus at, malesuada sed est. Duis ac mauris a est interdum euismod. In hac habitasse platea dictumst. Nunc auctor vulputate eros nec eleifend. Sed elementum mi et massa fringilla sodales. Nulla et vulputate purus, sit amet aliquet mauris. Quisque vitae eros a eros gravida fermentum. In at turpis nec leo vulputate bibendum ac sit amet enim."
"Nam imperdiet urna eu nisi eleifend, sit amet euismod est pharetra.","Maecenas rutrum venenatis sapien. Aenean facilisis gravida urna ac ornare. Nulla hendrerit feugiat odio, at laoreet tortor sagittis nec. In consequat sit amet leo ut eleifend. Etiam sit amet orci a odio accumsan ornare. Nulla eu tincidunt sapien. Donec ultricies, sapien at dignissim cursus, dolor justo viverra libero, id interdum augue nunc id orci. In hac habitasse platea dictumst. Mauris ante nunc, lacinia id pulvinar nec, tristique vel enim. Quisque sodales, justo at placerat dignissim, purus est consequat nisi, ac tincidunt dolor nisi ut urna. Nullam iaculis urna quis ipsum ornare hendrerit. Pellentesque habitant morbi tristique senectus et netus et malesuada fames ac turpis egestas. Donec egestas tincidunt eleifend. Nulla facilisi. Sed interdum metus eros, vitae bibendum neque fringilla sit amet. Nunc id tortor urna."
"Quisque eget metus ac tortor ullamcorper imperdiet convallis non felis.","Vestibulum eleifend in libero vel pellentesque. Praesent tincidunt, tortor ultricies iaculis blandit, dui mauris blandit est, at consequat ligula massa ac tortor. In eget ipsum vehicula, semper tellus eu, suscipit mauris. Aenean facilisis arcu in metus lacinia, et porta sem lacinia. Etiam posuere nisl facilisis odio malesuada, ac laoreet nibh lobortis. Mauris urna nisl, mollis non urna a, gravida placerat elit. Praesent pellentesque tempus purus interdum dictum. Vestibulum ante ipsum primis in faucibus orci luctus et ultrices posuere cubilia Curae; Sed augue tortor, suscipit nec arcu id, bibendum lobortis sem. Sed et justo nibh. Pellentesque laoreet sem nec dictum pharetra. Sed nec cursus nulla, nec posuere ligula. Nunc vulputate tempus lobortis."
"In tempus dolor in massa suscipit rhoncus.","Maecenas posuere ultricies elit eget fermentum. Ut laoreet luctus pellentesque. Pellentesque ipsum est, condimentum id interdum vel, sollicitudin at libero. Cras volutpat egestas erat eget tincidunt. Cras arcu augue, ultrices id tempus a, viverra sit amet magna. Aenean congue lacus diam, at interdum orci bibendum nec. Nulla rhoncus dui lacus. Proin ut mattis lectus, id sagittis leo. Nam vel turpis egestas, cursus felis ut, adipiscing nisi."
"Proin quis sem quis dolor ornare ullamcorper.","Nulla facilisi. Praesent nisi tellus, imperdiet sed diam at, gravida euismod magna. Suspendisse eu lacinia libero. Maecenas velit est, placerat tincidunt nisl at, sollicitudin condimentum arcu. Nunc elementum tempus cursus. Nunc auctor tellus ut diam fringilla, eget semper neque rutrum. Nulla facilisi. In commodo sed metus vitae lobortis. Lorem ipsum dolor sit amet, consectetur adipiscing elit. Morbi adipiscing posuere urna, laoreet molestie nisl hendrerit sed. Praesent quis elit egestas, tempus nisl in, facilisis eros. Pellentesque habitant morbi tristique senectus et netus et malesuada fames ac turpis egestas. Curabitur cursus nibh eu libero sollicitudin rhoncus. Donec pellentesque sed libero eu mollis. Phasellus sit amet dolor sed mi volutpat tempor eget et libero."
"Curabitur in tortor sit amet mauris euismod lobortis.","Suspendisse eget urna congue, imperdiet lectus eu, facilisis lorem. Morbi vel augue pharetra, posuere sapien quis, elementum elit. In pretium magna sed semper molestie. Suspendisse libero nisi, rutrum vel scelerisque eu, molestie eget sapien. Curabitur semper ut nibh malesuada cursus. Duis in massa eget velit feugiat volutpat. Aliquam iaculis tortor augue, sed dignissim eros commodo eu."
"Nam hendrerit eros semper luctus laoreet.","Etiam at purus hendrerit, laoreet dui ut, auctor arcu. Praesent urna purus, faucibus eu orci sed, eleifend ultrices felis. Phasellus accumsan, arcu ac imperdiet pellentesque, leo ipsum sagittis purus, a rutrum lectus tortor vel nisi. Integer volutpat diam et metus gravida viverra. Phasellus viverra quis odio sodales dapibus. Integer adipiscing mi venenatis justo rutrum laoreet. Cum sociis natoque penatibus et magnis dis parturient montes, nascetur ridiculus mus. Cras pulvinar ac orci ac blandit. Cras varius ipsum vitae metus viverra, a egestas enim varius. Donec ultricies velit a sapien pharetra varius. Ut posuere dictum arcu, eget condimentum risus faucibus eu. Nulla purus nunc, luctus ut dolor et, aliquam porta dolor. Maecenas et sapien eu felis sagittis feugiat ut et ante. Curabitur quis lectus sed ligula scelerisque facilisis ut ac neque. Nam ac velit eu tellus vulputate imperdiet luctus non purus. Suspendisse fermentum justo eget orci vulputate, id eleifend eros euismod."
"Praesent quis massa quis nibh interdum bibendum eget a arcu.","Integer nec augue venenatis, eleifend magna et, eleifend magna. Mauris eget enim mauris. Praesent consectetur lacus vitae sem interdum, ac tempor massa bibendum. Duis fermentum tortor vel magna pulvinar, vitae pretium est molestie. In rhoncus id magna eget consectetur. Mauris quis pharetra neque. Mauris laoreet eu neque nec faucibus. Praesent ullamcorper adipiscing leo, et sollicitudin orci bibendum ut."
"Ut lobortis tellus vitae fringilla varius.","Nulla orci augue, ullamcorper eu nisl interdum, luctus fringilla leo. Donec pulvinar, arcu eget facilisis auctor, leo lacus malesuada libero, sed congue felis lorem id purus. Curabitur non hendrerit nisi, eu iaculis enim. Mauris imperdiet venenatis enim. Aliquam nec pretium lectus. Etiam et turpis eros. Phasellus rhoncus lectus eget ipsum vestibulum, eu vestibulum magna sagittis. Morbi pulvinar sodales blandit."
"Aenean iaculis eros at lacus volutpat, dictum rhoncus leo gravida.","Morbi nisl velit, molestie ac lectus id, aliquet sagittis nisl. Fusce non lobortis enim, interdum cursus elit. Duis ac dignissim lorem. Fusce lobortis diam erat, at placerat magna fermentum eu. Aenean laoreet, nunc sit amet tristique pharetra, nulla odio laoreet elit, at eleifend nisl massa sed massa. Fusce vel dolor a massa posuere tincidunt. Suspendisse dictum risus et pulvinar tristique."
"Mauris hendrerit metus id quam molestie, et blandit quam varius.","Curabitur congue convallis dapibus. Aenean ornare diam at auctor mollis. Mauris pretium dui id lectus lacinia, quis vehicula odio fringilla. Vivamus a arcu ornare, vestibulum lorem sit amet, imperdiet lectus. Nullam sodales augue enim, eu scelerisque felis pretium sit amet. Proin egestas erat risus, quis consectetur felis lobortis tristique. Vivamus rhoncus, augue non iaculis fermentum, odio tellus pulvinar quam, dictum tincidunt quam lacus euismod felis. Aliquam venenatis erat vitae massa volutpat vulputate. Sed et arcu quam."
"Morbi quis lectus a lectus facilisis varius.","Suspendisse rutrum accumsan leo, vel aliquet lectus tincidunt ut. Sed suscipit lectus enim, id fermentum magna tincidunt quis. Interdum et malesuada fames ac ante ipsum primis in faucibus. Pellentesque convallis dui elit. Aenean nisi libero, egestas eget blandit quis, ornare sed eros. Cras interdum augue id sem mollis elementum. Sed lobortis euismod arcu, ut gravida magna ornare et. Mauris volutpat rutrum quam nec ultricies."
"Nam viverra felis ut pulvinar pharetra.","Vestibulum euismod augue turpis, non pulvinar mi ultricies a. Phasellus porta leo vitae dui condimentum luctus. Duis imperdiet aliquam tempus. Sed pretium, arcu pellentesque viverra mattis, lacus sem placerat purus, eu pellentesque leo enim scelerisque nunc. Duis vitae elit non felis pharetra scelerisque. Nulla nunc neque, ullamcorper vel ultrices a, tincidunt iaculis sem. Aliquam commodo, massa non consectetur feugiat, diam purus egestas nisl, quis elementum dolor velit sit amet tellus. Etiam auctor est orci, vitae placerat quam euismod sit amet."
"Donec et lacus eu tellus mattis sollicitudin at non mi.","Duis ante augue, molestie vel ullamcorper euismod, imperdiet vitae arcu. Donec faucibus diam nec erat mattis, sed vestibulum nunc semper. Donec in leo consequat, faucibus diam at, porttitor ipsum. Integer non metus ante. Duis vitae mattis diam. Vivamus in mauris sed dolor volutpat commodo vitae at sem. Nunc dictum lobortis nibh in sollicitudin. Praesent laoreet porttitor eros, vel cursus eros fermentum sit amet. Donec molestie erat sed arcu tincidunt hendrerit. Donec fringilla metus vel condimentum egestas. Quisque iaculis massa metus."
"Morbi nec erat eget velit imperdiet gravida.","Mauris vulputate, mi vitae sollicitudin tristique, nisi augue laoreet lacus, eu malesuada erat eros id est. Phasellus congue non erat vitae consectetur. Maecenas consectetur risus neque, at tristique dui vestibulum in. Proin malesuada est nec ante viverra, volutpat mattis arcu suscipit. Fusce id justo sollicitudin, facilisis magna ut, iaculis velit. Pellentesque habitant morbi tristique senectus et netus et malesuada fames ac turpis egestas. Suspendisse rhoncus, ante vitae facilisis mollis, ante risus convallis urna, vehicula auctor eros sapien at augue. Pellentesque id nulla ut velit auctor condimentum vitae at augue. In vulputate, orci accumsan facilisis blandit, nisi quam volutpat metus, id suscipit lectus justo quis elit. Nullam lobortis accumsan odio et placerat."
"Nulla malesuada nisi nec diam sollicitudin pulvinar.","In ornare eget tellus in iaculis. Pellentesque bibendum lectus leo, nec dictum libero tincidunt dignissim. Duis accumsan purus turpis, vel pulvinar ligula pellentesque at. Phasellus elementum est sed sem consectetur, sit amet tempus tortor ornare. Fusce a lectus porta magna auctor dapibus. Nulla interdum fringilla mauris tempus accumsan. Pellentesque habitant morbi tristique senectus et netus et malesuada fames ac turpis egestas. Sed scelerisque leo id ligula facilisis semper. Mauris rutrum lectus ut vestibulum congue. Fusce eget convallis nunc. Nam porta vulputate tortor id fringilla. Donec lacinia accumsan gravida. Etiam tempus tempor dignissim. Ut vitae erat quam."
"Morbi porttitor odio a ligula aliquet imperdiet.","Donec condimentum enim eu euismod iaculis. Aenean facilisis aliquet dui quis tempus. Nam pretium diam eu nisl iaculis, nec vestibulum sem placerat. Mauris suscipit massa a erat hendrerit congue. Nunc justo dui, consectetur in congue at, lacinia id arcu. Cras vehicula facilisis dui id elementum. In eget quam urna. Vestibulum porta vulputate ipsum eget dapibus. Maecenas mollis urna ac dictum accumsan. Nunc nibh libero, gravida ut nibh eu, pulvinar pharetra eros. Vivamus eu purus vel lacus ultricies faucibus in ac orci. Proin imperdiet quam eu risus auctor semper. Donec lacus lorem, hendrerit eget urna in, semper pretium metus. Aliquam volutpat tellus risus, sit amet luctus augue lobortis in. Sed varius augue felis, ac malesuada dolor sollicitudin vel. Nulla facilisi."
"Aliquam congue ligula ut sem sollicitudin, imperdiet tincidunt turpis aliquet.","Vivamus porta odio mattis volutpat vehicula. Nam in nisl at elit tempor hendrerit ac eget velit. Mauris justo elit, feugiat vulputate lacus sit amet, molestie feugiat dolor. Curabitur semper consectetur bibendum. Interdum et malesuada fames ac ante ipsum primis in faucibus. Nulla eu risus eget purus lacinia tempus eget mattis tellus. Vivamus tortor risus, elementum semper imperdiet nec, dapibus rhoncus nunc. Integer laoreet suscipit tellus, at viverra tortor luctus in. Vestibulum in velit est. Maecenas adipiscing faucibus nisi, vitae ultricies orci sodales eget. Morbi non pellentesque nunc."
"Praesent at lectus quis odio commodo semper.","Maecenas vel pharetra nulla, sit amet porttitor sapien. Pellentesque habitant morbi tristique senectus et netus et malesuada fames ac turpis egestas. Nam egestas dignissim tincidunt. Suspendisse eget tincidunt ipsum, quis hendrerit quam. Nunc lacus velit, dictum ac nisl at, viverra dictum metus. Sed in pulvinar lacus, et luctus sapien. Aenean in magna diam. Fusce id enim eu nisi pulvinar hendrerit ac ut magna. Nulla vitae sagittis enim, ac tempor enim."
"Nulla mollis lectus in leo pellentesque dignissim.","Nullam urna arcu, porttitor non neque aliquam, feugiat aliquet nisl. Quisque magna nunc, porta eu sollicitudin et, porttitor non lacus. Integer convallis, arcu sollicitudin hendrerit ultricies, metus nisi blandit risus, non eleifend elit magna a libero. Vivamus vel consectetur lorem. Morbi tristique, dui at blandit semper, mauris massa lacinia metus, eu pellentesque nibh est ut odio. Aliquam sapien felis, lobortis eget viverra quis, rutrum id ante. Nullam interdum eros mauris, sit amet rhoncus urna vehicula ac. Mauris vel diam facilisis arcu tincidunt varius. Donec vestibulum libero sit amet lectus sodales, eget viverra nunc luctus. Etiam commodo mattis sodales."
"Donec congue risus eu eros tristique lacinia.","Aenean viverra convallis fermentum. Vivamus eu aliquet augue. Pellentesque ac dignissim sem. Nam sagittis sollicitudin ligula non feugiat. Maecenas et est ac felis posuere dapibus. Maecenas vestibulum eros at velit tempor placerat. Integer sit amet volutpat metus. Curabitur tincidunt lorem ut porta pharetra. Nam ipsum nulla, molestie sed posuere ut, sagittis vitae tortor."
"Nulla ut est ornare, commodo tortor id, semper mi.","Nunc scelerisque tempor vestibulum. Maecenas porta venenatis accumsan. Donec bibendum purus quis sapien facilisis scelerisque. Cras iaculis vitae tellus sit amet malesuada. Integer non massa vitae lectus aliquet mattis. Nullam sit amet nulla pharetra, commodo ligula id, adipiscing lorem. Curabitur quis nisi mattis, ultrices nisl vel, tempus ligula. Suspendisse magna est, laoreet eget nulla nec, convallis dignissim enim. Nam aliquam vitae quam nec pretium. Nullam justo massa, tincidunt id consectetur vel, tristique at metus. Mauris lobortis nunc quis diam varius, vel ultrices diam pretium. Aliquam erat volutpat. Donec tincidunt, justo a fringilla dignissim, neque neque molestie erat, at vestibulum ante quam eu nunc."
"Suspendisse vestibulum arcu in pretium porta.","Vivamus rutrum justo imperdiet hendrerit tincidunt. Praesent interdum nisi in libero ultricies, elementum eleifend tortor adipiscing. Donec gravida blandit libero sed convallis. Nullam eleifend sem ante, in lacinia arcu tempor sit amet. Aliquam id nisl sit amet quam ullamcorper venenatis. Donec venenatis velit nibh, nec tristique est dignissim sed. Suspendisse fringilla, leo sit amet pellentesque interdum, nulla augue vulputate mauris, sit amet hendrerit lacus diam vel ligula. Nullam mi purus, rhoncus eu odio vel, pretium pharetra nisi. Nunc ornare orci in sapien semper molestie. Duis fermentum est ut sapien tristique, eu sodales magna ullamcorper. Sed sit amet lacus et turpis tristique porta quis ut erat."
