149647,a5b63fd2a7694152ae18570beb1d98,WebCertificate+InstructorPaced01+2015
149648,7533d9cdfe7a452b8d283100f8ede0,WebCertificate+InstructorPaced01+2015
149649,cf70983752fc4900b20cdebff8269d,WebCertificate+InstructorPaced01+2015
149655,3a8aae94a4ff472983e2c38e894ede,WebCertificate+InstructorPaced01+2015
149651,a3491043653c47a6b0d690ed71b055,WebCertificate+InstructorPaced01+2015
149650,971ce5510ef34ecea770bdc2863be9,WebCertificate+InstructorPaced01+2015
149656,dfe553f7144c4de0a813477bda24f8,WebCertificate+InstructorPaced01+2015
149652,3fd16623adc741e5b0fb6ff929e9b3,WebCertificate+InstructorPaced01+2015
149654,01819c6173604a7790c8ed9857a799,WebCertificate+InstructorPaced01+2015
149653,dfb9cd4da3584e629094d103a5078e,WebCertificate+InstructorPaced01+2015
149657,51c23da4f637420397e280ad6cc4c2,WebCertificate+InstructorPaced01+2015
149658,8cc95911f53e4c3bad281fab953ccb,WebCertificate+InstructorPaced01+2015
149659,2fa6ba4b010b46e0b78cd2c0ddaf67,WebCertificate+InstructorPaced01+2015
149660,5e072a7952d84494b736286e149394,WebCertificate+InstructorPaced01+2015
149661,dffc25784e884c0db70581451684ba,WebCertificate+InstructorPaced01+2015
149662,b038c8684fbb44f8a6632a4a6e85f0,WebCertificate+InstructorPaced01+2015
149663,49c3e2a81ee44a09987630e880718d,WebCertificate+InstructorPaced01+2015
149664,53bc2ceac28a49549687af9e36f717,WebCertificate+InstructorPaced01+2015
149667,e8e2c8fdb1844c92b4ed4395291425,WebCertificate+InstructorPaced01+2015
149670,d52f102950e04a789a6509af92ad11,WebCertificate+InstructorPaced01+2015
149666,1fdd44e722fe4a619a860d32498535,WebCertificate+InstructorPaced01+2015
149669,bb17da7abe4d4f7f8698886b386a96,WebCertificate+InstructorPaced01+2015
149665,7fa637f69cea4656bc748a646c49b4,WebCertificate+InstructorPaced01+2015
149668,c21bc9fd5b81400ea3f19fb66139f7,WebCertificate+InstructorPaced01+2015
149671,5a73381354d94acba1314b36fed74b,WebCertificate+InstructorPaced01+2015
149672,d9387ded4ac24e429668a4533500bc,WebCertificate+InstructorPaced01+2015
149673,4195f2fee4014a6ebf65edd2e8971f,WebCertificate+InstructorPaced01+2015
149674,74721494ca35452a9ea17cefd5a1ed,WebCertificate+InstructorPaced01+2015
149676,5b940db37be14780ab83ff7075529f,WebCertificate+InstructorPaced01+2015
149675,3e9fc9b440ee42f39b88d0c891ded2,WebCertificate+InstructorPaced01+2015
149677,ca373828d5dc4821b77ea3aa1e3982,WebCertificate+InstructorPaced02+2015
149678,a6e5040bdcd44d049c1e13fe6b59f8,WebCertificate+InstructorPaced02+2015
149679,d33cfa9ace5940d49637b68d38943f,WebCertificate+InstructorPaced02+2015
149684,fa8571415ebb48a58315e6496cc96f,WebCertificate+InstructorPaced02+2015
149681,dd1d0b1a97e148febd010313ea70d9,WebCertificate+InstructorPaced02+2015
149680,cb025ea1376840b597d604cca9c42a,WebCertificate+InstructorPaced02+2015
149682,594d1df87f6f4f7094151314abac9c,WebCertificate+InstructorPaced02+2015
149686,5fd98a3331724d46b2ee8149e188ec,WebCertificate+InstructorPaced02+2015
149685,cca668d7715b48f38f43eded8bfcae,WebCertificate+InstructorPaced02+2015
149683,b6a8b3b6451b4500ba5733b8c7a99a,WebCertificate+InstructorPaced02+2015
149687,fba8f665992a4d2c93a69e6c37163b,WebCertificate+InstructorPaced02+2015
149688,562c647a44f5475cad9efcb97e95aa,WebCertificate+InstructorPaced02+2015
149689,92ceef4d27e54b7cb804a3ed949e40,WebCertificate+InstructorPaced02+2015
149691,ddd160db7b7b4860bb509ff6fb362a,WebCertificate+InstructorPaced02+2015
149690,eeadb8ad168846fe80c7000d615aae,WebCertificate+InstructorPaced02+2015
149692,0a415217505646b6bab54cac0da455,WebCertificate+InstructorPaced02+2015
149693,2f908d334710438f98f3bfd4da8912,WebCertificate+InstructorPaced02+2015
149694,a1950c57c2d943e2853965d56860d3,WebCertificate+InstructorPaced02+2015
149695,011d2329964541839ce3778f4f807f,WebCertificate+InstructorPaced02+2015
149700,3e1f8774d2d542189f7ec2ebd6b926,WebCertificate+InstructorPaced02+2015
149696,575deef6c491423da4130b2711c9c6,WebCertificate+InstructorPaced02+2015
149697,bd0db76c31864067a977edb76091c9,WebCertificate+InstructorPaced02+2015
149699,8065e40f7eb644989d934b324d6fe3,WebCertificate+InstructorPaced02+2015
149698,c45078e4840747c7b9506024c45f78,WebCertificate+InstructorPaced02+2015
149703,56531521254042fc98ae47c5d285ff,WebCertificate+InstructorPaced02+2015
149702,c5a39db75726431ebda8e88ea57090,WebCertificate+InstructorPaced02+2015
149701,0d199802a1ac48359e3e12e730d785,WebCertificate+InstructorPaced02+2015
149705,b6b3a8b91d704bf0957396ce4b5987,WebCertificate+InstructorPaced02+2015
149704,9b2253e780824fb0a966b0a8efb6e3,WebCertificate+InstructorPaced02+2015
149707,138b8e9828cf42a98824d379182006,WebCertificate+InstructorPaced03+2015
149706,b06627ef973c4f1ca0ce20cccc33c0,WebCertificate+InstructorPaced02+2015
149709,50784750e40941ceb2c30a3045ff97,WebCertificate+InstructorPaced03+2015
149708,77b0f353c632422683b3afc810344f,WebCertificate+InstructorPaced03+2015
149711,902933a727444df996d1279cc8adc1,WebCertificate+InstructorPaced03+2015
149710,db634f32cfbf48518ec2a0e9e1c138,WebCertificate+InstructorPaced03+2015
149714,8c697eb1a78d49ccbfde82e4628daf,WebCertificate+InstructorPaced03+2015
149713,c661be2ede244314b07fce7c9720db,WebCertificate+InstructorPaced03+2015
149712,37e64f8cdd2c4354950ed623d365a0,WebCertificate+InstructorPaced03+2015
149715,1161a251935044678cad6d85ab17bd,WebCertificate+InstructorPaced03+2015
149716,78e3a03f783b42ccafca5a49dd2be7,WebCertificate+InstructorPaced03+2015
149717,e5b584dcaac84620ae754299b8d22e,WebCertificate+InstructorPaced03+2015
149718,fd48724ca3cb405bbfdbff7413e5ec,WebCertificate+InstructorPaced03+2015
149719,c1b7c141004345efb4557afc32553a,WebCertificate+InstructorPaced03+2015
149720,67c2a59713ed430aa219bd85df552c,WebCertificate+InstructorPaced03+2015
149721,bc6295d45ee6420d9321f905584cae,WebCertificate+InstructorPaced03+2015
149722,ddab783a797b493393bb9de0d9a8f6,WebCertificate+InstructorPaced03+2015
149725,abf089a3a5194e0091f7db785a3a0d,WebCertificate+InstructorPaced03+2015
149723,ef2d9bd98bcd45bfb2635744c5e67c,WebCertificate+InstructorPaced03+2015
149724,978423b61cdc43cdae407797be6f31,WebCertificate+InstructorPaced03+2015
149726,b7b7c2ec4abe4d4385d341ba6710ab,WebCertificate+InstructorPaced03+2015
149727,d83feda7dda046bebb401524660d42,WebCertificate+InstructorPaced03+2015
149730,f655036f626f4bb0950d3e7386ee8c,WebCertificate+InstructorPaced03+2015
149729,822019dc4cc24cb29d288fccc95d8c,WebCertificate+InstructorPaced03+2015
149728,402f30ccdf374e2dbe79bee12d0d7f,WebCertificate+InstructorPaced03+2015
149731,eda6ad888ab244a5bdf094ba80cf80,WebCertificate+InstructorPaced03+2015
149732,51452fe3fb03442dbc305ed425619a,WebCertificate+InstructorPaced03+2015
149736,2e49697319614a4ab9ff0cca7ec9d0,WebCertificate+InstructorPaced03+2015
149733,1505d00ba07140af8ce3b1a99464fd,WebCertificate+InstructorPaced03+2015
149734,aff63a6045bd4768940d147123f98f,WebCertificate+InstructorPaced03+2015
149735,b0710b1368824c329ba7be270effaa,WebCertificate+InstructorPaced04+2015
149739,d3aef2721b8f44dc80b6f1e13f49f0,WebCertificate+InstructorPaced04+2015
149737,06e6a85c295e4c099bac00e57f450a,WebCertificate+InstructorPaced03+2015
149741,f3bacc3c7028444289f63e90e3aa9c,WebCertificate+InstructorPaced04+2015
149738,1bc3a0157bab4697a978c19531c12a,WebCertificate+InstructorPaced04+2015
149740,07c7b5999c664ba9bb94f1148d54de,WebCertificate+InstructorPaced04+2015
149743,d6f6458980614901b8372f68d13656,WebCertificate+InstructorPaced04+2015
149745,0b05ac33eea343e68ff1b009ac458f,WebCertificate+InstructorPaced04+2015
149744,7c93dd29cd60473d9c1ad84b7e2576,WebCertificate+InstructorPaced04+2015
149742,2a4824a08c84496b9551978339a6b8,WebCertificate+InstructorPaced04+2015
149746,555215a80be94d5d8716979513c5cd,WebCertificate+InstructorPaced04+2015
149747,6592f7ab2cf44f29b91dc89bba6135,WebCertificate+InstructorPaced04+2015
149748,5744f32b88dd4418b9d6201a7bb9ae,WebCertificate+InstructorPaced04+2015
149750,b6d5eb7c47df4d968534a2b73a2a72,WebCertificate+InstructorPaced04+2015
149749,058b039d1a894b5dad63a3ab6ec622,WebCertificate+InstructorPaced04+2015
149751,ddd6589c260048b28f390471ef4940,WebCertificate+InstructorPaced04+2015
149752,e38fcef955664863b026a4f0648cb5,WebCertificate+InstructorPaced04+2015
149755,b91929965aff43abadebe493ad16a1,WebCertificate+InstructorPaced04+2015
149753,d165a1d16fd1439e9e508ebb632ef7,WebCertificate+InstructorPaced04+2015
149754,9756d331300542078b8adb97b714ce,WebCertificate+InstructorPaced04+2015
149756,b92f673450454da28a0d05a34f57d5,WebCertificate+InstructorPaced04+2015
149757,b0c69bafc1404db895346393bd6119,WebCertificate+InstructorPaced04+2015
149759,2f880a92262545809143365d57a8b3,WebCertificate+InstructorPaced04+2015
149758,acfa0a6f765541bc9368749ea0ebed,WebCertificate+InstructorPaced04+2015
149760,5f0f4e8d824b423a8594e823d16084,WebCertificate+InstructorPaced04+2015
149761,7680f5a282254a8f97749b4b0c8913,WebCertificate+InstructorPaced04+2015
149763,e3e77820e3dd4f7181b7266386c228,WebCertificate+InstructorPaced04+2015
149764,124f7999fb404861b1b9f9a5824e6b,WebCertificate+InstructorPaced04+2015
149762,221fd9b9baa8406e9db4bf95bed726,WebCertificate+InstructorPaced04+2015
149765,b10ea7681ff349f58fb874debab83c,WebCertificate+InstructorPaced04+2015
149766,0a6d755dbae541e49c336851ee0819,WebCertificate+InstructorPaced05+2015
149767,ab6255c9c81f4cf6997681f56891da,WebCertificate+InstructorPaced05+2015
149768,58bf03924744420586c2e4f8a9c730,WebCertificate+InstructorPaced04+2015
149770,8acf321ee6dd411bb5bd36b7495599,WebCertificate+InstructorPaced05+2015
149769,dad9b764b0a046299f45f1bc1d3ef0,WebCertificate+InstructorPaced05+2015
149771,767fa45261254a13a2cb95b30aaebb,WebCertificate+InstructorPaced05+2015
149774,ee105d6737a44de69a9e8e6cf7fc41,WebCertificate+InstructorPaced05+2015
149772,dac899304ad041fa8639c031dc92d6,WebCertificate+InstructorPaced05+2015
149775,165afb9276514fc5ba8677c69bd51e,WebCertificate+InstructorPaced05+2015
149773,ea66de9903c94805b4d0b31115ef57,WebCertificate+InstructorPaced05+2015
149776,7a41f51cec1e4d97b9ed1247421bc2,WebCertificate+InstructorPaced05+2015
149777,4eddc3395d604666a3f4525f9d5942,WebCertificate+InstructorPaced05+2015
149778,9f8b05d3dc6d4cb0bf196fd1bb4927,WebCertificate+InstructorPaced05+2015
149780,654ac01b0edb4375a2e55b459251e0,WebCertificate+InstructorPaced05+2015
149781,da756cc9376942f9a534848bbc223e,WebCertificate+InstructorPaced05+2015
149779,18a92513a824456b84fbe299964f5b,WebCertificate+InstructorPaced05+2015
149786,16075f8c92a646d08e5d90d7eb2eea,WebCertificate+InstructorPaced05+2015
149782,e45ef0fea9d14a8582c8ed67cd5c29,WebCertificate+InstructorPaced05+2015
149783,15ae88abae9b4c75a55d8632ff996c,WebCertificate+InstructorPaced05+2015
149787,7cab8d7aa3ef46958752b45d95f6e7,WebCertificate+InstructorPaced05+2015
149784,cd7f0072952346eeb839c5bd739d6a,WebCertificate+InstructorPaced05+2015
149785,b4a37149a8ab432f83da85e0a47ec1,WebCertificate+InstructorPaced05+2015
149788,04a007bc6fdc46e3a267b7e568ae83,WebCertificate+InstructorPaced05+2015
149789,87da44dfef7542bc93b75734372aa1,WebCertificate+InstructorPaced05+2015
149790,69fb486137bc44a29ee41ce403356d,WebCertificate+InstructorPaced05+2015
149793,ddd2459dcf8e44f4bd66acf36f31ad,WebCertificate+InstructorPaced05+2015
149791,a2080202c931463eba1c672e5fc25a,WebCertificate+InstructorPaced05+2015
149794,99367670867640009e237289446895,WebCertificate+InstructorPaced05+2015
149795,7e4b7b03174d4264a835bd8cb7f07b,WebCertificate+InstructorPaced05+2015
149792,a409c13aeee44b2c81e32d27984164,WebCertificate+InstructorPaced05+2015
149796,8be51ae7fc0742a9bb4a60846c1992,WebCertificate+InstructorPaced06+2015
149797,3e4b59616936495c887920dd8f621b,WebCertificate+InstructorPaced06+2015
149800,5fc40f9fc9d54fdab717013b182b8b,WebCertificate+InstructorPaced06+2015
149799,25e0b960a06c4498a4e5a1185ba272,WebCertificate+InstructorPaced06+2015
149801,c4e644afe0f74f3a8ee5ea886ea981,WebCertificate+InstructorPaced06+2015
149804,3063539d1904455e8aa44cf3a703cf,WebCertificate+InstructorPaced06+2015
149798,23d135b4f9964884b23c53b23d0dbc,WebCertificate+InstructorPaced05+2015
149802,e26efbf1912e4064a08cd0509a2674,WebCertificate+InstructorPaced06+2015
149803,ba683715452047d793539d84cbd588,WebCertificate+InstructorPaced06+2015
149805,2dbdd81b5ecd453b8d930b7972f22e,WebCertificate+InstructorPaced06+2015
149807,e775dd1efe8740e1b8ddae18d0488d,WebCertificate+InstructorPaced06+2015
149806,6160462f81ee473a932fc17d405f53,WebCertificate+InstructorPaced06+2015
149808,4457ee4e84c2417cab31add2a656fd,WebCertificate+InstructorPaced06+2015
149811,70a0d5d9fc9348adb1bb8cf791ad27,WebCertificate+InstructorPaced06+2015
149810,712c3f09d65845b7abf9d7e995d876,WebCertificate+InstructorPaced06+2015
149809,ba4a3a65411a4da8bc613b9fc9cfb5,WebCertificate+InstructorPaced06+2015
149813,5884cffab12b4cf7910cc8fbe69f62,WebCertificate+InstructorPaced06+2015
149814,7670c0c6c6834b7eb18f529208604d,WebCertificate+InstructorPaced06+2015
149816,d6b52b3594b84315a866d3e39152b3,WebCertificate+InstructorPaced06+2015
149812,5cfa858cf95341eba2dadbc2652543,WebCertificate+InstructorPaced06+2015
149815,f7490c23858d455cb02516b7738c5d,WebCertificate+InstructorPaced06+2015
149817,a895e7ffbbd04c24b9a16fc97a83f7,WebCertificate+InstructorPaced06+2015
149818,0255a071878049dfaf0b17ce89451d,WebCertificate+InstructorPaced06+2015
149822,bde8a0f58cbd4dbf819fdbb527edde,WebCertificate+InstructorPaced06+2015
149821,683fccc852eb49fa9ecfb500d0168d,WebCertificate+InstructorPaced06+2015
149824,5d6567b800a349128239d8cf11e536,WebCertificate+InstructorPaced06+2015
149819,23f452ba203942fb9697f760e04833,WebCertificate+InstructorPaced06+2015
149825,b4b6d9a3f7c5436089a982d5ad9ee5,WebCertificate+InstructorPaced06+2015
149823,1bc3c65bf299419da5360241fa2089,WebCertificate+InstructorPaced06+2015
149826,2f8be4caf38c4307b58ca35b3d3034,WebCertificate+InstructorPaced07+2015
149820,f83b6e62d5b5437da9dcc997ccb4c9,WebCertificate+InstructorPaced06+2015
149827,72e7d21d5a4c4edcbfcaba461fa736,WebCertificate+InstructorPaced07+2015
149828,9667da3d30824b2b825a6c4f19b2b1,WebCertificate+InstructorPaced07+2015
149832,52fa4d59a2d94c82831b0eb8d8257c,WebCertificate+InstructorPaced07+2015
149829,be12d587bb7049e396d816e18c0301,WebCertificate+InstructorPaced07+2015
149834,2c757fd96c394f49be67204318671d,WebCertificate+InstructorPaced07+2015
149830,946f7082ed244c57b9fb06a8722b5e,WebCertificate+InstructorPaced06+2015
149831,0d749cc9393c4f7196623a901f7512,WebCertificate+InstructorPaced07+2015
149835,38fb57138a3642ad90cb2d0ea79c35,WebCertificate+InstructorPaced07+2015
149833,f04b1d44e0be436da890a0034b8390,WebCertificate+InstructorPaced07+2015
149836,0360044e630748b48b565b38057de0,WebCertificate+InstructorPaced07+2015
149837,52a0c371399846ab90e0ceaa32301a,WebCertificate+InstructorPaced07+2015
149838,f7f36f445be7468381a3f39f8ae4d0,WebCertificate+InstructorPaced07+2015
149839,b03e3818ef434680aa13f63734c994,WebCertificate+InstructorPaced07+2015
149840,ecc734a88dea4f62a7c197f5b3c7fe,WebCertificate+InstructorPaced07+2015
149842,fd0dc2b5daa04595925702a5eabe15,WebCertificate+InstructorPaced07+2015
149841,3acc4775af034978b180732630f5bf,WebCertificate+InstructorPaced07+2015
149843,ad0d17bdc0a4467085ce83b48a20d5,WebCertificate+InstructorPaced07+2015
149845,09f7360e9cd64e05a7b0a2824c4d90,WebCertificate+InstructorPaced07+2015
149844,6ee7429930644923b43ece0cfd60c0,WebCertificate+InstructorPaced07+2015
149847,6a913b365a2c49f9ac493ba2dd79f8,WebCertificate+InstructorPaced07+2015
149846,1eafd70ce9c94e0283eade6922056f,WebCertificate+InstructorPaced07+2015
149848,a9da19ed285541088408e7d0853c16,WebCertificate+InstructorPaced07+2015
149849,c18f650a818f4e6ab104114d74c123,WebCertificate+InstructorPaced07+2015
149850,3f37890da085454a92f0c272ef6d75,WebCertificate+InstructorPaced07+2015
149851,62ee161f52964ea7bb5c101ed8eb9b,WebCertificate+InstructorPaced07+2015
149852,0d3edbfa21394152aac369c4514749,WebCertificate+InstructorPaced07+2015
149853,240b8e1483f24d3c9024380c5d6a90,WebCertificate+InstructorPaced07+2015
149854,5c52d6872198440190a3945b7f17e8,WebCertificate+InstructorPaced07+2015
149855,b4cea26c9eb64bbd812739c089a4e7,WebCertificate+InstructorPaced07+2015
149856,2c09e49642cf44d4895eeb6cf48301,WebCertificate+InstructorPaced08+2015
149858,871f3dcc19384b9193b81dea0ecd9d,WebCertificate+InstructorPaced08+2015
149862,602e42b2e3874e53bea3bc4ae3f190,WebCertificate+InstructorPaced08+2015
149857,89b23389b3b449c1ac33b8a59aafed,WebCertificate+InstructorPaced08+2015
149859,cbf1fbdf8df84c7f85311a67411fc8,WebCertificate+InstructorPaced08+2015
149863,2fe6554a8d414a93abf2d5cfe70d99,WebCertificate+InstructorPaced08+2015
149860,f6cc33195c2a42859fe21af08699b6,WebCertificate+InstructorPaced07+2015
149861,0532ee47106e4b7a91d50062a0648f,WebCertificate+InstructorPaced08+2015
149864,a1addd96a0a84599bd48765fb38a57,WebCertificate+InstructorPaced08+2015
149865,508808a331dd448a8146d7bc0e85d6,WebCertificate+InstructorPaced08+2015
149867,c2873dc76bf5414d9e44cf80174810,WebCertificate+InstructorPaced08+2015
149866,1895663968764c3f862edfc2ba626a,WebCertificate+InstructorPaced08+2015
149868,9d3c39344a0b4311a2fca4fd4c8ab9,WebCertificate+InstructorPaced08+2015
149869,f2e4952f19b64d91a5e1761b8c9da0,WebCertificate+InstructorPaced08+2015
149870,f772577a20ac46808387152bebec8d,WebCertificate+InstructorPaced08+2015
149873,55f0b6c8d5554e3bb39bf916774d42,WebCertificate+InstructorPaced08+2015
149875,9e9e867cf1314013bee85a75e5069e,WebCertificate+InstructorPaced08+2015
149871,3a54b9bde1a64cdf927ad0c55f9339,WebCertificate+InstructorPaced08+2015
149872,6a1acda687de4c478b17068d736d53,WebCertificate+InstructorPaced08+2015
149874,b9e5e07575a349c79a825fd3edccc4,WebCertificate+InstructorPaced08+2015
149879,52b1f1760da8400da74b923f194bd9,WebCertificate+InstructorPaced08+2015
149876,c5fc9597ae08455bafc42d80395854,WebCertificate+InstructorPaced08+2015
149878,c0b10636c0c1476c9093a9764c5cb8,WebCertificate+InstructorPaced08+2015
149877,f28569db6d7e4aeda8ed2a9c2af8ed,WebCertificate+InstructorPaced08+2015
149880,76ae3832d163460687ac6a0d0400fb,WebCertificate+InstructorPaced08+2015
149881,ecdbf4bed71a4298a7e4ffcebd04dd,WebCertificate+InstructorPaced08+2015
149882,707fe67b907144a080bbae5275d432,WebCertificate+InstructorPaced08+2015
149883,09915aa27a26498ca85799255cbaba,WebCertificate+InstructorPaced08+2015
149884,3514e3aced0741fd8d3091b6b063c3,WebCertificate+InstructorPaced08+2015
149885,4d0da29c0253425eb143a6d29f1b31,WebCertificate+InstructorPaced09+2015
149887,bb078c8d3345459db9553e3895de5f,WebCertificate+InstructorPaced08+2015
149889,26eac99b19004303906cacc59017af,WebCertificate+InstructorPaced09+2015
149886,6d33d2d5568f4b7bac8771e3d6b19a,WebCertificate+InstructorPaced09+2015
149893,f381980331f94d15b6cb2a5a62ff11,WebCertificate+InstructorPaced08+2015
149891,61ac4d885fd44d67b53ea70453ec14,WebCertificate+InstructorPaced09+2015
149888,e781af0180164ed39a2835da2e87d5,WebCertificate+InstructorPaced09+2015
149890,c57ef41204b6404d89d6d2502f5d9a,WebCertificate+InstructorPaced09+2015
149892,7ee051cdcfac4eecad10f494009f32,WebCertificate+InstructorPaced09+2015
149894,0694f0abcfce478792f59fbfc0da2f,WebCertificate+InstructorPaced09+2015
149895,187d692edc9f4e008c6b24ba158fdc,WebCertificate+InstructorPaced09+2015
149896,977451dc0baf46eaa20b3f5105d35d,WebCertificate+InstructorPaced09+2015
149897,56373fa743c242f8852fcd570f2726,WebCertificate+InstructorPaced09+2015
149898,df3e4866e97e441c874002ef7fdac4,WebCertificate+InstructorPaced09+2015
149899,59a8ce0d0e994a8982325891b63484,WebCertificate+InstructorPaced09+2015
149900,ef4e8683bf674f61a049812cde44c7,WebCertificate+InstructorPaced09+2015
149901,c3ff6b68749f4cb3aba7e1057178fa,WebCertificate+InstructorPaced09+2015
149902,b7f5c93ba276406588e66ec7f4b1b0,WebCertificate+InstructorPaced09+2015
149903,aef9bd45273a45d09828510faeed11,WebCertificate+InstructorPaced09+2015
149905,fbf51ba231844a2b9a9cff5885fedf,WebCertificate+InstructorPaced09+2015
149904,134fc61874484a329b62f3ea9c3c94,WebCertificate+InstructorPaced09+2015
149907,5ac7653be4de42cb92b00d687f7199,WebCertificate+InstructorPaced09+2015
149908,99af1d54842845efa8a3924fbba149,WebCertificate+InstructorPaced09+2015
149906,17d6f4a7bc8048efa424a212139dfe,WebCertificate+InstructorPaced09+2015
149909,0e16a97ad5b14585867ebde5153925,WebCertificate+InstructorPaced09+2015
149911,89f14fe147804b9482a8546fa99490,WebCertificate+InstructorPaced09+2015
149910,306c75d172f74fed8adad3c10a26bb,WebCertificate+InstructorPaced09+2015
149912,f31626f3c2e8404d8cb8f3cad9a3ca,WebCertificate+InstructorPaced09+2015
149913,b153176580a445b78a33b3aab780b6,WebCertificate+InstructorPaced09+2015
149914,845895a1e89b4a6ca5884e4e718d1f,WebCertificate+InstructorPaced09+2015
149915,544fc2e987e4486eae4bf360ccabaa,WebCertificate+InstructorPaced10+2015
149916,d1dd145c4c8f4c8d87563bd05b8b5e,WebCertificate+InstructorPaced09+2015
149918,90d46407f027413694e037e902a4ce,WebCertificate+InstructorPaced10+2015
149921,1086c7d49d2d4ea385719ec418e80a,WebCertificate+InstructorPaced10+2015
149917,f47d6c947a624446a5014854786bc2,WebCertificate+InstructorPaced10+2015
149920,57e34e34a0b344d3af312a059284e1,WebCertificate+InstructorPaced10+2015
149919,4b24e9fb402b4ed78367dd51fa5eb6,WebCertificate+InstructorPaced09+2015
149922,b6093f448d4d4f37ba712726484c45,WebCertificate+InstructorPaced10+2015
149924,41fc199aba8a4e5a91ca1bf6c8b455,WebCertificate+InstructorPaced10+2015
149923,2b0983f8de4c45d5974ff892b11565,WebCertificate+InstructorPaced10+2015
149925,3ccb029bb145474086fd8c22c9070c,WebCertificate+InstructorPaced10+2015
149927,f56f630dec014fc4b0ea0dd027ea50,WebCertificate+InstructorPaced10+2015
149926,b1409f7a6112430b8da29870ae51b6,WebCertificate+InstructorPaced10+2015
149928,b543f4ea6267455b9014d9281fe2de,WebCertificate+InstructorPaced10+2015
149929,aa3fd10dcf2d4e73862ebea33e4b84,WebCertificate+InstructorPaced10+2015
149931,adf18d8ab70d4dd9ae4346f27b9d00,WebCertificate+InstructorPaced10+2015
149930,5df24f04f4f640b09c9421f948d098,WebCertificate+InstructorPaced10+2015
149933,377fbb2c4ab8491bbaeccf1db40dea,WebCertificate+InstructorPaced10+2015
149932,73638a915207482491b34cb63fabbd,WebCertificate+InstructorPaced10+2015
149934,088669828847458e86b499b0f9bf89,WebCertificate+InstructorPaced10+2015
149935,f291e4f511b840f1bb72581cde74ab,WebCertificate+InstructorPaced10+2015
149936,4f4f161349164a80b49d26a406f12b,WebCertificate+InstructorPaced10+2015
149937,49e33e1a5d584300b233bd9a7f5213,WebCertificate+InstructorPaced10+2015
149941,8d7e193351ea4c6a8047d633e0bf15,WebCertificate+InstructorPaced10+2015
149938,337ebcc6b15345a5835c85b00de9e7,WebCertificate+InstructorPaced10+2015
149940,4b6001cad3594942bd2010898e4d25,WebCertificate+InstructorPaced10+2015
149943,e79418d2249a49079d7dc42821976a,WebCertificate+InstructorPaced10+2015
149944,e71e2e8643d94a4c9bd40f074b2d5e,WebCertificate+InstructorPaced10+2015
149939,3abfa5b2687a45719be985d8bf3367,WebCertificate+InstructorPaced10+2015
149942,525023ffaa8b48be96f00a6e77c29f,WebCertificate+InstructorPaced10+2015
149945,f339efe5cd114e058d21d71455c19f,WebCertificate+InstructorPaced10+2015
149946,8ec88915123e4e7c912c18bf47b107,WebCertificate+InstructorPaced10+2015
149947,54a5f0bc030c42da913ae8e7257317,WebCertificate+InstructorPaced01+2015
149948,a5bf693f99b94b34b1e4ad4cd3e634,WebCertificate+InstructorPaced01+2015
149949,efac31fff5c948ff9e59dc166964d0,WebCertificate+InstructorPaced01+2015
149950,1ab2ba592f0948689051fc893de1e4,WebCertificate+InstructorPaced01+2015
149951,dcc8e0f2e2974f8e94bc1fe62b5b5f,WebCertificate+InstructorPaced01+2015
149952,6480ee418ddd4addb2fe93f72ec2b2,WebCertificate+InstructorPaced01+2015
149954,ce3bfb2a5e3645109aa1d3df07cb5f,WebCertificate+InstructorPaced01+2015
149953,daaf11703d3843c89290a62a5ca800,WebCertificate+InstructorPaced01+2015
149955,2db2e45e76ff4993ad9a530a30a315,WebCertificate+InstructorPaced01+2015
149956,a670a5b366da4c819d30fdae24b663,WebCertificate+InstructorPaced01+2015
149957,97652ccf95a04aba9f40f27874b973,WebCertificate+InstructorPaced01+2015
149958,80dc25d9d4594533a2e08840357a23,WebCertificate+InstructorPaced01+2015
149960,0d78dc6c21a846afb4b9d1eed9cbc5,WebCertificate+InstructorPaced01+2015
149962,c05661156fb94b0691cd80688d5cf6,WebCertificate+InstructorPaced01+2015
149959,f0b4c0325cc34f47883e89e95a289c,WebCertificate+InstructorPaced01+2015
149963,59a47f4e0dcd4fd1984d5f1b9707d7,WebCertificate+InstructorPaced01+2015
149964,6a016a306ed6440290b55e20128668,WebCertificate+InstructorPaced01+2015
149961,8f931d605fc549078739b6c385eeca,WebCertificate+InstructorPaced01+2015
149965,0cb7375239f84cbaa12155d6a6546d,WebCertificate+InstructorPaced01+2015
149966,ac9e1b98145848b496065e43a818aa,WebCertificate+InstructorPaced01+2015
149967,3e2637695f5e42d592a0499956a28b,WebCertificate+InstructorPaced01+2015
149968,394ba7369dc64a06bb4d44d19b335e,WebCertificate+InstructorPaced01+2015
149971,4cb6282e11bc4068b76602ecf0265c,WebCertificate+InstructorPaced01+2015
149973,72569ade011648e4b8dab7036d2dac,WebCertificate+InstructorPaced02+2015
149969,e135e0a232724cdd8d2b20427f224c,WebCertificate+InstructorPaced01+2015
149970,f0962ffded2b4f6ba62615c69ea889,WebCertificate+InstructorPaced02+2015
149975,c2524c98504b47c2a4ab7881c3465a,WebCertificate+InstructorPaced01+2015
149972,dd64a4876fe24d338be12ea5511f09,WebCertificate+InstructorPaced01+2015
149974,c3eeff8c83af48c483b9b1a1b6dd8b,WebCertificate+InstructorPaced01+2015
149980,7a8d341147f448cbaf319a1d9f5533,WebCertificate+InstructorPaced01+2015
149978,ba3ef5858b5d4140b797f1e629553e,WebCertificate+InstructorPaced02+2015
149979,af40e1a7796c4242990102670c270d,WebCertificate+InstructorPaced01+2015
149981,ca26cf5d7fae474ba69a1600f0c7a1,WebCertificate+InstructorPaced01+2015
149977,09a74fdf60a541029071859598a684,WebCertificate+InstructorPaced01+2015
149976,9c41fdb145a442ecb4807c8b4ca501,WebCertificate+InstructorPaced02+2015
149982,6cab80b1f92f4662b0828a6c4c4a20,WebCertificate+InstructorPaced01+2015
149984,4fcfc99dd14548b7accdbcee6408c6,WebCertificate+InstructorPaced01+2015
149987,ada3ae61af7848dc8b21c0b9981e35,WebCertificate+InstructorPaced01+2015
149986,650d97698ea648e893510fe83afcf1,WebCertificate+InstructorPaced01+2015
149983,67e14c52da4b4dbc8fcdcc6570be0b,WebCertificate+InstructorPaced01+2015
149985,7db1e5cfc13042948ce17ffa92fd45,WebCertificate+InstructorPaced01+2015
149989,c278cbd808ad47d8a67661f91f0a4a,WebCertificate+InstructorPaced01+2015
149988,b25e3e63a2ef450db1d52e70484d61,WebCertificate+InstructorPaced01+2015
149990,fc9338d43d9b4d969a2ed2c863b108,WebCertificate+InstructorPaced01+2015
149991,e3211465fcfb413dbf7ff72aa2a99d,WebCertificate+InstructorPaced02+2015
149992,11d985aac4164b6598de61a05d738d,WebCertificate+InstructorPaced02+2015
149994,b5b24719d3e24b9a8f9bfc4f3a68c3,WebCertificate+InstructorPaced02+2015
149993,87b16a4ec3b442d6ae978490e5ace6,WebCertificate+InstructorPaced02+2015
149997,dde6aad78abb4118863cd1ce444f38,WebCertificate+InstructorPaced02+2015
149996,f768300287204cdf81f90f57716449,WebCertificate+InstructorPaced02+2015
149995,a20c1a04b4c448a5af0c4d697b03a3,WebCertificate+InstructorPaced02+2015
149998,54a5da9c72574034a907dfa40fe529,WebCertificate+InstructorPaced02+2015
150001,23faed22bc204860afe98d6111adea,WebCertificate+InstructorPaced02+2015
150000,b0b81d801cb24c44b1bb1a4daf06ae,WebCertificate+InstructorPaced02+2015
149999,43a277ea16e1431b86a7d8e88b0c1f,WebCertificate+InstructorPaced02+2015
150002,9edfea3bfe8e44179a23adbd09e600,WebCertificate+InstructorPaced02+2015
150004,434c7083b81c481c9f8035c0ae3cf1,WebCertificate+InstructorPaced02+2015
150003,e8b85bc4bf47496aaaac391e197bee,WebCertificate+InstructorPaced02+2015
150006,f8b47a4718f343ca935ca1b97bb3f9,WebCertificate+InstructorPaced02+2015
150005,641a54af13ef4da2b0c720b58694d3,WebCertificate+InstructorPaced02+2015
150007,123822aad1e942ebb26d12a2b16179,WebCertificate+InstructorPaced02+2015
150009,68d50a33310d45a08c131ff03ee792,WebCertificate+InstructorPaced02+2015
150008,d3b412be06124589846a9155078e64,WebCertificate+InstructorPaced02+2015
150010,5e4be389ce524921a6c3d730d91f88,WebCertificate+InstructorPaced03+2015
150013,c30c030e35f346f481770eeb9f8e57,WebCertificate+InstructorPaced02+2015
150016,8f5bb3f09c5a400c8d109e914f1b05,WebCertificate+InstructorPaced03+2015
150011,e3b17a9694ab4ac09b9ff484cb850f,WebCertificate+InstructorPaced02+2015
150012,aa97dc53f66149ef8c81cc37949368,WebCertificate+InstructorPaced03+2015
150017,d2e258756e06485ba41a9188e16a88,WebCertificate+InstructorPaced02+2015
150015,966d42b95c244ea39058b4d97c5634,WebCertificate+InstructorPaced02+2015
150020,1c974319572e465b918480cd413fc0,WebCertificate+InstructorPaced03+2015
150023,34099ef53af54cab9d1215a35bafee,WebCertificate+InstructorPaced02+2015
150014,b443abee503540768a6510144b4d54,WebCertificate+InstructorPaced02+2015
150018,f1f7a721c8a24e97bf0e57d283aaff,WebCertificate+InstructorPaced02+2015
150022,84402ff8e1c74a76ae210ec599c04d,WebCertificate+InstructorPaced02+2015
150019,9adcbb63431f4e0fb8edfc9776f530,WebCertificate+InstructorPaced02+2015
150021,676a032ca7b1463c8d1fd006a12f6d,WebCertificate+InstructorPaced02+2015
150024,cc96859caae34f7fbbe47f4413fa5c,WebCertificate+InstructorPaced02+2015
150025,688d0157f00046eca7271fe9f7757c,WebCertificate+InstructorPaced02+2015
150027,92419c9448674e63bc6a1e135cdf82,WebCertificate+InstructorPaced02+2015
150026,ae78f90310dd4d198ec0198921e547,WebCertificate+InstructorPaced02+2015
150029,c11869f706814315947c35ac3fa008,WebCertificate+InstructorPaced02+2015
150028,b300b0e7d97f448fb14eb3abbf8fe0,WebCertificate+InstructorPaced02+2015
150031,2135bb1c42284fe1919b11f35f4488,WebCertificate+InstructorPaced03+2015
150030,521623afeaaf41e3b419b7b3c08562,WebCertificate+InstructorPaced02+2015
150032,8932ace7abc14a0b8245d3f951da97,WebCertificate+InstructorPaced03+2015
150033,2e8dd80b96964f908d0f06497325b4,WebCertificate+InstructorPaced03+2015
150034,d009bbf0ebc5475387c82bc6078926,WebCertificate+InstructorPaced03+2015
150035,58a99c3c0daa40819576357feb393a,WebCertificate+InstructorPaced03+2015
150036,6ad2dba345264935be579c54da8d9f,WebCertificate+InstructorPaced03+2015
150037,69b78dbb1f25464da5271fc53ffb2c,WebCertificate+InstructorPaced03+2015
150038,44de3abc263a4ceda9428ff59908f4,WebCertificate+InstructorPaced03+2015
150040,bc15ae2a2d634af08c37454034157b,WebCertificate+InstructorPaced03+2015
150042,5922d7d7a2eb47b287ecf9fd58f201,WebCertificate+InstructorPaced03+2015
150039,bfff3c51bc13426da2a2641b2f1d3d,WebCertificate+InstructorPaced03+2015
150041,267764f31a01457588503fb4398b21,WebCertificate+InstructorPaced03+2015
150043,a2c911ad6ace4aff83f2ec7303beba,WebCertificate+InstructorPaced03+2015
150082,19f142c9469e453eb5fc2276279d8f,WebCertificate+InstructorPaced04+2015
150083,4b25882216a84ed280de6e19bd65a5,WebCertificate+InstructorPaced04+2015
150084,2998f7659d0f4f148708768a9cb3dc,WebCertificate+InstructorPaced04+2015
150085,df53ba68d4f34a918742b6cc8ebc84,WebCertificate+InstructorPaced04+2015
150087,647f1d2575ea4fca8dad4e8ea3802a,WebCertificate+InstructorPaced04+2015
150086,0e09c588179b41eb8e2f1bc5f4ac6b,WebCertificate+InstructorPaced04+2015
150088,63c96e9df6d04534913eb2d246c0b3,WebCertificate+InstructorPaced04+2015
150090,a3b9758e95cb41ed9e7c5205afb85e,WebCertificate+InstructorPaced04+2015
150089,a225ec7a65a242d4a3830fe0770c86,WebCertificate+InstructorPaced04+2015
150091,3ebb21f476054e748c717d4c443f56,WebCertificate+InstructorPaced04+2015
150092,fcaad053080e423399684fc4c28867,WebCertificate+InstructorPaced04+2015
150093,823c27ecd8d1455395e933c8a0d972,WebCertificate+InstructorPaced04+2015
150094,a92978921ce1478fb3ee30436a1872,WebCertificate+InstructorPaced04+2015
150096,45461b37034d44bbbf1c3a8f8a4df2,WebCertificate+InstructorPaced04+2015
150095,4b1b879193fc4092bd6a36b6bac7d4,WebCertificate+InstructorPaced04+2015
150098,67a7a22754c14437b4d98d25286e78,WebCertificate+InstructorPaced04+2015
150097,4d2f2c25296b4948833887794ebca9,WebCertificate+InstructorPaced04+2015
150099,aeaa37249492412587b2ce45b06980,WebCertificate+InstructorPaced04+2015
150100,2b157539c71441b3b7313a93a623ab,WebCertificate+InstructorPaced04+2015
150101,6a8246abfc834cf49a1e03b78a583f,WebCertificate+InstructorPaced04+2015
150102,fa024aa5f8ce469891f02a2bba654b,WebCertificate+InstructorPaced04+2015
150105,fd25984a061a48f9b79a4b48f5a970,WebCertificate+InstructorPaced05+2015
150106,51b1df767edd41e9a03a9e9af9dfd3,WebCertificate+InstructorPaced05+2015
150104,0b5d9b98d655424d93f09f869670ad,WebCertificate+InstructorPaced04+2015
150103,ef56bc466a5a4947af4a2bee6c3b5b,WebCertificate+InstructorPaced04+2015
150108,7f2da42a7d5044de9695ffa0a86464,WebCertificate+InstructorPaced04+2015
150107,4bd46ad8500742dfaad8bfd39cb2ed,WebCertificate+InstructorPaced04+2015
150109,508ea209a0cb40208803263e83c7eb,WebCertificate+InstructorPaced04+2015
150110,2cd24af7c1954ab99a2051fe115fbe,WebCertificate+InstructorPaced04+2015
150111,9f15e6d6835643d18f46714fab7fc8,WebCertificate+InstructorPaced04+2015
150114,de359140cda848119322e8eb3d5dad,WebCertificate+InstructorPaced04+2015
150113,9d6e6596202c4047ae7d94da2d35a6,WebCertificate+InstructorPaced04+2015
150112,d1652ee0913c43538cdcc15f3ae789,WebCertificate+InstructorPaced05+2015
150116,d673f75a06da470e90e5a8c2821cb2,WebCertificate+InstructorPaced04+2015
150117,a8cd876c99884d52b0ca1d29ee4ffb,WebCertificate+InstructorPaced04+2015
150119,c1799304a12d4c83bc37722275d744,WebCertificate+InstructorPaced04+2015
150115,07fb6d8c9ca649ff9a1166371791e8,WebCertificate+InstructorPaced04+2015
150118,c0a99e0484d743668e57c6922262e2,WebCertificate+InstructorPaced04+2015
150120,7d93b8d59a8f47d9ae284c912a28e3,WebCertificate+InstructorPaced04+2015
150121,4a81df19889a462cbb5023538e8a9e,WebCertificate+InstructorPaced04+2015
150122,2bb7467f3a1143f78d27744ed71e1e,WebCertificate+InstructorPaced05+2015
150123,1325fd0eacd34c0192b552a7b8e94a,WebCertificate+InstructorPaced04+2015
150124,ed01dc0992a24263be7803fea38ec1,WebCertificate+InstructorPaced04+2015
150125,c555223382224cb9b5ed29f361332e,WebCertificate+InstructorPaced04+2015
150126,4442ba2d28c14ada9458f3b8293311,WebCertificate+InstructorPaced05+2015
150127,57d4af8ef0894bfcbba2fc91dba1a1,WebCertificate+InstructorPaced05+2015
150128,fe2a65f2f1f74987afe75423f131e1,WebCertificate+InstructorPaced05+2015
150130,557c2259d1754ad2850851e6fde0ac,WebCertificate+InstructorPaced05+2015
150129,59935db0304749ae99484f88e6f1cc,WebCertificate+InstructorPaced05+2015
150131,b14d402f6bf541639db208204e0bbf,WebCertificate+InstructorPaced05+2015
150133,916fb47f813d4fbf9705849fcf153a,WebCertificate+InstructorPaced05+2015
150132,697c80602d5747a48d0d2364bdce1a,WebCertificate+InstructorPaced05+2015
150135,968b4fd9abef4826954fd813e2d006,WebCertificate+InstructorPaced05+2015
150134,56f9609e2b2447f098f2cc73ccb70d,WebCertificate+InstructorPaced05+2015
150136,c84f8b22f51b4e7396dbecb40284fc,WebCertificate+InstructorPaced05+2015
150138,1f6e43778af948599bc942f6b8d96d,WebCertificate+InstructorPaced05+2015
150137,84bf89640c25407491c1e2308da0a1,WebCertificate+InstructorPaced05+2015
150139,0619a1979c3945d0a1fecb6cda24f7,WebCertificate+InstructorPaced05+2015
150141,78ea9e60ba5e47559804ed2aec9414,WebCertificate+InstructorPaced05+2015
150140,3c4931d85697432785d1fd6193e653,WebCertificate+InstructorPaced05+2015
150143,9fe53b19048e4e9db5feaf021c1cf7,WebCertificate+InstructorPaced06+2015
150148,344541b43bb74904b0f8400b39e8b5,WebCertificate+InstructorPaced05+2015
150142,c8a55b1cbc024f1db183db7375f137,WebCertificate+InstructorPaced05+2015
150147,7dd5d390543a45348c1aa393ed1da0,WebCertificate+InstructorPaced05+2015
150146,8c27860e43fe4989908ee4f4681f7d,WebCertificate+InstructorPaced05+2015
150144,6811e929fc914b3a82a454d7af0491,WebCertificate+InstructorPaced05+2015
150145,659901c4f3e449e28d00d0884357a3,WebCertificate+InstructorPaced06+2015
150149,1d45b42e65d849ce806dfc66b2f5a9,WebCertificate+InstructorPaced05+2015
150151,f43762605092421c9b1d565b671b8c,WebCertificate+InstructorPaced05+2015
150152,d42d836022e8458d9d19c220b4768b,WebCertificate+InstructorPaced05+2015
150150,4998499a9a1142fabc660632b316be,WebCertificate+InstructorPaced05+2015
150153,f76cc0dde8324ff0bfdccd32d68cf5,WebCertificate+InstructorPaced05+2015
150154,92b66497ce1f4558b99f835c1249bc,WebCertificate+InstructorPaced06+2015
150155,1b4ef85407f349989be5c7520c03a0,WebCertificate+InstructorPaced05+2015
150156,82bfaf45c75c458d998977d3d15b36,WebCertificate+InstructorPaced05+2015
150158,2c22c44e999d42c4a906e5440b6484,WebCertificate+InstructorPaced05+2015
150159,dbb2474f2946446d92215f56b9bade,WebCertificate+InstructorPaced05+2015
150160,3db3b15a793a434b8559e191f2daab,WebCertificate+InstructorPaced05+2015
150161,179a24703b914fd3ba2df30a725541,WebCertificate+InstructorPaced05+2015
150157,1571737416b944e191af604d32524d,WebCertificate+InstructorPaced05+2015
150165,5fe28228544c4858a81efccc9d692d,WebCertificate+InstructorPaced05+2015
150164,928a4a499ffa4a55965520541a6616,WebCertificate+InstructorPaced05+2015
150162,236f1816dc5448ea9cb9774b4e4f6f,WebCertificate+InstructorPaced06+2015
150166,cacb5b0d56b44d9baec9e0f8ae93b8,WebCertificate+InstructorPaced06+2015
150163,55bdb2f0aea641bbb10a28c88fbaf6,WebCertificate+InstructorPaced05+2015
150167,32dce094d51047c499461b35ea10ec,WebCertificate+InstructorPaced06+2015
150168,8202f619734c47099d98552afcc99b,WebCertificate+InstructorPaced06+2015
150170,d55c04a75bdf452ea7ba487775cb84,WebCertificate+InstructorPaced06+2015
150169,1300dda366c648c0a0ffb8a5840096,WebCertificate+InstructorPaced06+2015
150171,82ff5e82ffc342e6b8cdcf466ff1aa,WebCertificate+InstructorPaced06+2015
150172,2bf87e4904a84f158ae488379e101e,WebCertificate+InstructorPaced06+2015
150173,a423005ba9f94dfb835e4fc3620385,WebCertificate+InstructorPaced06+2015
150174,30ac7b922bc94703a154991898bf07,WebCertificate+InstructorPaced06+2015
150175,55bf472b0e284af3a4a842fbf74707,WebCertificate+InstructorPaced06+2015
150176,a6795e03e9f74596b8efaa08c69fbd,WebCertificate+InstructorPaced06+2015
150178,e1d0af1fa5064a3b9968df077b2d59,WebCertificate+InstructorPaced06+2015
150177,dbe9c7cc2d594c3887374cc615ecf7,WebCertificate+InstructorPaced06+2015
150179,f6ba3658deeb44928d2c3bb1d2d4c7,WebCertificate+InstructorPaced06+2015
150180,0e6c1e2729564c6580b87714460160,WebCertificate+InstructorPaced06+2015
150181,d3aaa5aa774b494dbbbd0527d434f7,WebCertificate+InstructorPaced06+2015
150182,b30660629a4b4120b157c94759dcff,WebCertificate+InstructorPaced06+2015
150183,b1a4e1266ed3437784c8fa970919d7,WebCertificate+InstructorPaced06+2015
150185,1e66bbd296384567b16f2cb87ba13c,WebCertificate+InstructorPaced07+2015
150191,6c1590aa1a1d43b596310b0f4b48be,WebCertificate+InstructorPaced06+2015
150187,f7ee139998474c4dbe7c45a867d557,WebCertificate+InstructorPaced06+2015
150188,ab56e06fe89641c7851e8dcbb83264,WebCertificate+InstructorPaced06+2015
150184,94d29dbfc601487a882b1f9762a355,WebCertificate+InstructorPaced06+2015
150190,4fa8b08e0a5c42eea3260037ad31fa,WebCertificate+InstructorPaced06+2015
150189,e84ed9ce05554b6585549ee7b86523,WebCertificate+InstructorPaced07+2015
150186,0f186b0fb5fd48f488839cdb4a41e2,WebCertificate+InstructorPaced06+2015
150192,93c499e3715f4f4babc858e3a4e744,WebCertificate+InstructorPaced06+2015
150193,b6b1834a969c4bd889ff3fcdbcbb36,WebCertificate+InstructorPaced06+2015
150194,c531c0ae28f2429bb33bd8bbb26a56,WebCertificate+InstructorPaced07+2015
150198,0f2750aefd1448869968b2a7845258,WebCertificate+InstructorPaced06+2015
150195,5d6ae1590c5a44b493c9514cdd4ec6,WebCertificate+InstructorPaced06+2015
150199,72b21e8f1b16426abd133e6d491ebe,WebCertificate+InstructorPaced06+2015
150197,98236d76574640eb8189a595e814e0,WebCertificate+InstructorPaced06+2015
150202,c323ce26aeef4aac907b8c37875092,WebCertificate+InstructorPaced06+2015
150200,c2318826a37d42ccb76ee3dee0b933,WebCertificate+InstructorPaced06+2015
150196,752d8e040e314331aa18812213a4a9,WebCertificate+InstructorPaced06+2015
150201,c8998d9f23a44109a48bed7d496d50,WebCertificate+InstructorPaced06+2015
150203,2dbc2f87c4274ac8bbb72b8e804c8b,WebCertificate+InstructorPaced07+2015
150204,7a0ccf2091a54f2897c0f450c2c3de,WebCertificate+InstructorPaced06+2015
150206,4d28e781d20448a782568593fd8a2e,WebCertificate+InstructorPaced06+2015
150205,c8ae4ac4b04849ecbbc23de8bc9988,WebCertificate+InstructorPaced07+2015
150208,eaf476a8fadd4f2f94e6fcd2ffa3f3,WebCertificate+InstructorPaced07+2015
150207,9bf7be00dfeb4d50aa0e27663640d1,WebCertificate+InstructorPaced07+2015
150210,828a12a7445f46fc85315a195e4a8e,WebCertificate+InstructorPaced07+2015
150209,b0a72a5a0d874e359f07b6b0b22088,WebCertificate+InstructorPaced07+2015
150211,263385791f9042e4b3bb69b61a4b99,WebCertificate+InstructorPaced07+2015
150212,6692675ffcfd464a992bdb6be632c6,WebCertificate+InstructorPaced07+2015
150213,bb194a3c896c459892da93826bde92,WebCertificate+InstructorPaced07+2015
150217,988dcc69948d4c7481cd2c309a8beb,WebCertificate+InstructorPaced07+2015
150215,bd6c175909a84addbebaf6dd117b9b,WebCertificate+InstructorPaced07+2015
150216,b06370a9c34641bc94b42b63326b73,WebCertificate+InstructorPaced07+2015
150214,de5320799b304beeaed205bfc60ca6,WebCertificate+InstructorPaced07+2015
150218,d19ea0c25417464691a314b5bc19fd,WebCertificate+InstructorPaced07+2015
150220,1a45a8ff364549e0a9497fbfcba570,WebCertificate+InstructorPaced07+2015
150223,a215cf2ef11f44b6a0d267be67958d,WebCertificate+InstructorPaced08+2015
150222,472f1fa4e73d4262b5e0973972f0c3,WebCertificate+InstructorPaced07+2015
150219,3fd490bd513a491289fcfe2f8c1729,WebCertificate+InstructorPaced07+2015
150221,3dabd3a954e24446809b902f974ff9,WebCertificate+InstructorPaced07+2015
150225,0d204ea1275e4ab09e6c8b7287a6c1,WebCertificate+InstructorPaced07+2015
150224,8a1d1ebca7d84fb3a6e655f35129c0,WebCertificate+InstructorPaced07+2015
150227,180e0acc6a7944bca1fb9e23c45635,WebCertificate+InstructorPaced07+2015
150226,7f8478812b3b40a898aeaf2e70f6a1,WebCertificate+InstructorPaced07+2015
150228,87b5fca66f5d469385c48a77eaa4a8,WebCertificate+InstructorPaced08+2015
150229,6607a28da9bd4b3b8d849197f09954,WebCertificate+InstructorPaced07+2015
150231,93f8b52a055b498ca62575d4e0bcd2,WebCertificate+InstructorPaced07+2015
150230,e1f55787347a499eb9e987f3b7cf62,WebCertificate+InstructorPaced07+2015
150232,a421b50ecc5c4df988f3e57de549d8,WebCertificate+InstructorPaced07+2015
150233,e2e8ade89669423f9482ebae27020a,WebCertificate+InstructorPaced07+2015
150234,c9e884a8af9041e5ba584721d2fc3c,WebCertificate+InstructorPaced07+2015
150235,6ed6dcf217f549d895560a7e29b6bd,WebCertificate+InstructorPaced08+2015
150236,b5e7604e77fc458da5a06e84ac800e,WebCertificate+InstructorPaced07+2015
150240,6976c19e3b864fcabc5436a8c2fa2e,WebCertificate+InstructorPaced07+2015
150239,b7b66fc457ad4d1384779f89b8df23,WebCertificate+InstructorPaced07+2015
150241,012c11b39fe444a9b41cf72eda7dc5,WebCertificate+InstructorPaced07+2015
150237,4a5c22721da84bb9be26d58335db2a,WebCertificate+InstructorPaced07+2015
150238,edb6221b27a840af8f7c739a42bab3,WebCertificate+InstructorPaced07+2015
150244,c97640002c6f4d1092913baa20b2d5,WebCertificate+InstructorPaced08+2015
150242,586a73e37bdb48f88419f6bc8e6d30,WebCertificate+InstructorPaced07+2015
150246,57311e1845644e7abd54fa824e33a5,WebCertificate+InstructorPaced07+2015
150245,9f8c8d9a6ccb435f82f0dedcc69f94,WebCertificate+InstructorPaced08+2015
150243,5bdf1fd9e9ab4c7199e4e158980f32,WebCertificate+InstructorPaced07+2015
150247,37177e211f5742b1b227e9b2347a4f,WebCertificate+InstructorPaced08+2015
150248,e1f6af9df08d48a9b843a3bc56a24e,WebCertificate+InstructorPaced08+2015
150249,86a82e8e3cae418ea1e1b501537fa0,WebCertificate+InstructorPaced08+2015
150250,88050524bb744d72b6bdacd022bb61,WebCertificate+InstructorPaced08+2015
150252,d19d1ab3c46244ffa642af9a8ced16,WebCertificate+InstructorPaced08+2015
150251,78ffce1e7a0c48ef9cb24bce777a27,WebCertificate+InstructorPaced08+2015
150253,cd36a00f956e496aa01e318e9eb9fa,WebCertificate+InstructorPaced08+2015
150254,de2784c6f7024b18ae7172952ac543,WebCertificate+InstructorPaced08+2015
150255,2b46ca1f00e149fd9b964a8ccb5a87,WebCertificate+InstructorPaced08+2015
150256,3eb2c787cbe7411491675b73a1ae08,WebCertificate+InstructorPaced08+2015
150257,dd9f95ecc22141308b1a58d75b3c5f,WebCertificate+InstructorPaced08+2015
150258,090f598010724cf6afb8c4a03b0b39,WebCertificate+InstructorPaced08+2015
150259,993f3f2434314a789c6c7a42bd080b,WebCertificate+InstructorPaced08+2015
150267,705dc463f5c44b05bb3f4d9f1bc8d4,WebCertificate+InstructorPaced08+2015
150262,15a12180f62940bb858f5470f07456,WebCertificate+InstructorPaced08+2015
150261,4afe7bca14134632a72ef6d76d8814,WebCertificate+InstructorPaced08+2015
150260,5651d4b714e941f6a12feef9b7f2c1,WebCertificate+InstructorPaced08+2015
150263,76a38026057b41f59f0b9cef1ec406,WebCertificate+InstructorPaced09+2015
150268,a5ddb47db8fa4c8bb20da56e1eeac3,WebCertificate+InstructorPaced08+2015
150266,d28e4de5b8444bf6b983f1669427bc,WebCertificate+InstructorPaced08+2015
150265,09f9c042349f4257989b5851709abe,WebCertificate+InstructorPaced08+2015
150272,eaf4b9dcf32843b9a30ad2e7f5d40e,WebCertificate+InstructorPaced08+2015
150264,4fa67c952c204d0ab4f83e04c134d3,WebCertificate+InstructorPaced08+2015
150269,f82a3adfdf424cb3a49602e352959c,WebCertificate+InstructorPaced09+2015
150270,c9f9a8624e1e4f07a027153f87b80c,WebCertificate+InstructorPaced08+2015
150271,c2ce902f2f674612a0f04b912fde34,WebCertificate+InstructorPaced08+2015
150274,4721b701fcfc47da82f955b5851dda,WebCertificate+InstructorPaced08+2015
150275,20ac98a07103437f9e6804ae5450c9,WebCertificate+InstructorPaced09+2015
150273,626cf8cf30ff4e1d8819780db6754e,WebCertificate+InstructorPaced08+2015
150276,dba038e6584740d09eabb2c53cc3b8,WebCertificate+InstructorPaced08+2015
150277,3521f984773248daaccab064efcc75,WebCertificate+InstructorPaced08+2015
150278,13338472cad449609577ddc48c5142,WebCertificate+InstructorPaced08+2015
150281,f4e10d9d5f46402094c1bd528aa474,WebCertificate+InstructorPaced08+2015
150279,78957c9b297a40c882e1ef596268fc,WebCertificate+InstructorPaced08+2015
150283,a9fa039f4c9c424d895f987f14dd06,WebCertificate+InstructorPaced09+2015
150282,3fe6228b821d43c990af08b3d7b46b,WebCertificate+InstructorPaced08+2015
150280,479210f988ec4053a6d4340595319f,WebCertificate+InstructorPaced08+2015
150286,90e668e9ecc348e0be49312b4312ea,WebCertificate+InstructorPaced09+2015
150284,e5d545e421764b61bf2e208dbdce6d,WebCertificate+InstructorPaced08+2015
150285,f90e8c9615fb4718917f7e2e60fe59,WebCertificate+InstructorPaced08+2015
150287,a29d9dd36c1b455183b329822ced85,WebCertificate+InstructorPaced09+2015
150288,5b5c64dcdadf41889130321aace7b8,WebCertificate+InstructorPaced09+2015
150290,45268e4314974ee48697cf5e91d6b0,WebCertificate+InstructorPaced09+2015
150289,6dd8840058ed4937b390dc8f1c30f2,WebCertificate+InstructorPaced09+2015
150291,1789731aee854e1e8232f4b992ff4d,WebCertificate+InstructorPaced09+2015
150293,80e177b086944131878223bec30f8f,WebCertificate+InstructorPaced09+2015
150292,1691bd4e442344049c8925fc558ce9,WebCertificate+InstructorPaced09+2015
150295,23efddff5efe4e3b84705fd6d006f7,WebCertificate+InstructorPaced09+2015
150296,5da9a752002e45fb9fe0d54e1bfbee,WebCertificate+InstructorPaced09+2015
150294,77fa414cc6a94e8593d7f18ed600e6,WebCertificate+InstructorPaced09+2015
150297,f7a9b4d978b64b3ca85cb3545f9072,WebCertificate+InstructorPaced09+2015
150298,7c7d10fc0cdf435fb4b2f75e7ad6f5,WebCertificate+InstructorPaced09+2015
150303,0207af2a109b49f7a14f9bb1c5b965,WebCertificate+InstructorPaced09+2015
150300,6949a8f3c1994bc289a8f175ab1c6a,WebCertificate+InstructorPaced09+2015
150299,3c7b119936b3468b8f2a5e18e62c44,WebCertificate+InstructorPaced09+2015
150304,8d8239994c9e4f85a7ada5e6adb636,WebCertificate+InstructorPaced09+2015
150305,9b2859ce13c94d4882ce133d4d8bc9,WebCertificate+InstructorPaced09+2015
150302,c66385f3f91f468b8ed27181d97084,WebCertificate+InstructorPaced09+2015
150301,fe2e6aa85f934a26be1d3b82f3a0dc,WebCertificate+InstructorPaced10+2015
150307,55843cc586ea404bb96472e78629bf,WebCertificate+InstructorPaced09+2015
150306,a731c6020511473fb22f8a68a04536,WebCertificate+InstructorPaced09+2015
150309,1357ef9dc2b549a9a294885ef29e5f,WebCertificate+InstructorPaced09+2015
150310,26cb27857527463da39e7350494ffe,WebCertificate+InstructorPaced09+2015
150311,5f62653c03e44ffa93a7e82267e1f2,WebCertificate+InstructorPaced09+2015
150308,64ce26fc084a4119abcd580794a354,WebCertificate+InstructorPaced10+2015
150312,ecc3c0e8ade54d5295a9bc92870890,WebCertificate+InstructorPaced09+2015
150315,9b0b344e44a64195adc2262d8be442,WebCertificate+InstructorPaced09+2015
150314,84ee3fb31ade4edd9e28162dbe71d1,WebCertificate+InstructorPaced10+2015
150313,6e74da97c0e54b7a9ffb7e1da7cfc9,WebCertificate+InstructorPaced09+2015
150317,5bab086fc1a44ac5acd0455bdd2cf0,WebCertificate+InstructorPaced09+2015
150318,f34f7722b2584703970377c60b948d,WebCertificate+InstructorPaced09+2015
150319,07bbf95a6d754b9aba133f5f3bd31d,WebCertificate+InstructorPaced09+2015
150320,297ce44bdd8a455fade3d041742868,WebCertificate+InstructorPaced09+2015
150316,3b0340e8c0844ac483ee2e9b73f0b7,WebCertificate+InstructorPaced09+2015
150321,ffd23a1c6ab946629359f6aba3221e,WebCertificate+InstructorPaced10+2015
150323,6ce3295255cb4f48bae92ec5bf1ee0,WebCertificate+InstructorPaced09+2015
150322,75107bb7dccc4b3bb9e30eb4d82a75,WebCertificate+InstructorPaced09+2015
150325,8e51310cf99b4687b91bb89a1ae05c,WebCertificate+InstructorPaced10+2015
150324,c4534e1a6d97433dac7f0bc8cc2616,WebCertificate+InstructorPaced09+2015
150326,e4339f255ecc469e81146eddc92020,WebCertificate+InstructorPaced10+2015
150327,65a8480432ab4368b2a35b6105adc2,WebCertificate+InstructorPaced09+2015
150328,f550bce2b02b4f0a851d3d0e5f136e,WebCertificate+InstructorPaced10+2015
150332,d4ec963c6a85490aaa202c755e61ed,WebCertificate+InstructorPaced10+2015
150329,d722996ea1d145f58e7273a8a00fba,WebCertificate+InstructorPaced10+2015
150330,aa2ef1711b4c4dd8a95092615ba3a3,WebCertificate+InstructorPaced10+2015
150331,529c88566fc4419993d39cb423d855,WebCertificate+InstructorPaced10+2015
150333,f51ff422fd884176bc2b3e76d6f93b,WebCertificate+InstructorPaced10+2015
150334,32b2fb3f914f435da0ce5f0e64c518,WebCertificate+InstructorPaced10+2015
150337,44d159b4d6a343f589ef3c379a3499,WebCertificate+InstructorPaced10+2015
150336,08d294feebda448aa8d5eb51ef683c,WebCertificate+InstructorPaced10+2015
150335,f668a678d22f4b1bb1043e4ed0a525,WebCertificate+InstructorPaced10+2015
150340,e337aa82bbab4428bee0b4c5bc5400,WebCertificate+InstructorPaced10+2015
150339,a69000eec3684756ab4933df07bf0c,WebCertificate+InstructorPaced10+2015
150338,a49e5640fa86405088841e21428267,WebCertificate+InstructorPaced10+2015
150341,8298d057dfee4105a085580331b6a9,WebCertificate+InstructorPaced10+2015
150342,06e5d9db256745beac856a5df046d5,WebCertificate+InstructorPaced10+2015
150345,a8f59c49885146c586b49937cf0342,WebCertificate+InstructorPaced10+2015
150348,97b1ebaaa8f24602854274c37e751c,WebCertificate+InstructorPaced10+2015
150343,641d246026074162bb3d7d8c8b773e,WebCertificate+InstructorPaced10+2015
150344,153cc21fe44545deb1735e3eaa575c,WebCertificate+InstructorPaced10+2015
150346,a41a56d1ca17407eb589f249507748,WebCertificate+InstructorPaced10+2015
150347,af9aa334cf3447488d3c6013922176,WebCertificate+InstructorPaced10+2015
150349,54901fe7ee8041dab210ce054ebca4,WebCertificate+InstructorPaced10+2015
150350,7b7bdd4de18b4dffaec5ed797a5b73,WebCertificate+InstructorPaced10+2015
150352,6f65357b51e84f499d8bb544f69891,WebCertificate+InstructorPaced10+2015
150353,3248e970c5344c9e9e6aa043df058c,WebCertificate+InstructorPaced10+2015
150354,23de46c189a840cfb7d4a8e6a40c24,WebCertificate+InstructorPaced10+2015
150351,bd91ec7af4df4ba1856fe3e22fda89,WebCertificate+InstructorPaced10+2015
150357,9d9bf2f79b7d4128926416482e3766,WebCertificate+InstructorPaced10+2015
150355,45c8c68c66d94aa2a11cdf32e88354,WebCertificate+InstructorPaced10+2015
150356,998c43d25074499b8be3e0aebbebac,WebCertificate+InstructorPaced10+2015
150360,71dd88eb1e0a44069f9cdeb6fa8bf2,WebCertificate+InstructorPaced10+2015
150359,8ee9b4e8e85141758b18faab51b1de,WebCertificate+InstructorPaced10+2015
150358,c76c8f3bf4ea410b8c6f3f59c05cc6,WebCertificate+InstructorPaced10+2015
150361,178c70dd98334d808165bbd4819690,WebCertificate+InstructorPaced10+2015
150362,8a1a4620aa1c4391b66d4007e23765,WebCertificate+InstructorPaced04+2015
150363,fe90a75010ac4702a0a813724fca02,WebCertificate+InstructorPaced04+2015
150364,a655527e2de049478edee126abface,WebCertificate+InstructorPaced04+2015
150365,019626d44f044f798150c26e79f18a,WebCertificate+InstructorPaced04+2015
150366,2017bf938e614213b6dde97624a9c1,WebCertificate+InstructorPaced04+2015
150367,b023dc5088a44c2ca57574b1ebe429,WebCertificate+InstructorPaced04+2015
150368,aefd3879f6d943738bd92df29dbddd,WebCertificate+InstructorPaced04+2015
150369,c9a5f9d101444389a50e42318ec904,WebCertificate+InstructorPaced04+2015
150370,caf7199016404cd0b0ea996e7e4a5f,WebCertificate+InstructorPaced04+2015
150372,216b299426dc4785b0c6bd4d065a24,WebCertificate+InstructorPaced05+2015
150371,46891cef66c64f5d8824d18aaa6ed5,WebCertificate+InstructorPaced04+2015
150374,5851412915ca460d91ce43991f15ed,WebCertificate+InstructorPaced05+2015
150373,14d96796d58e45e28946413a599c33,WebCertificate+InstructorPaced05+2015
150375,7392a8ce94c7453880e209916bbc6e,WebCertificate+InstructorPaced05+2015
150377,90ba17235b174b62a7959505dd89f1,WebCertificate+InstructorPaced05+2015
150376,ab3bc3cb266342ceae66af18f840d8,WebCertificate+InstructorPaced05+2015
150378,edccfe75e9a24c0fb38026d8124269,WebCertificate+InstructorPaced05+2015
150379,d838bcdae90a466c87cb9abe2369b2,WebCertificate+InstructorPaced05+2015
150380,0b29dc827036435bb5ac61aadc98b4,WebCertificate+InstructorPaced05+2015
150381,bff7f7685dbc4f2c87c5b76dcc9eba,WebCertificate+InstructorPaced06+2015
150383,a2371251436742e5a3329b6aa180d4,WebCertificate+InstructorPaced06+2015
150382,baaab7dc7c2b4de1aa48e0955cfaba,WebCertificate+InstructorPaced05+2015
150384,e5e36f59d0624a90967b65edf531cf,WebCertificate+InstructorPaced06+2015
150385,7fb0acb4743847659c07c533c82324,WebCertificate+InstructorPaced06+2015
150386,315b7682332e4e2fba1f2f67f26901,WebCertificate+InstructorPaced06+2015
150387,5aa392f987994825a147781ec50125,WebCertificate+InstructorPaced06+2015
150388,f98854fa0f8448cfb5a14e801c44f8,WebCertificate+InstructorPaced06+2015
150391,42699738e229421082219d3da0ab42,WebCertificate+InstructorPaced07+2015
150389,c710e0902ffe4578af11ebf6203f11,WebCertificate+InstructorPaced06+2015
150390,90b686e5548243cf9cffce188d1fbb,WebCertificate+InstructorPaced06+2015
150393,6263ee483e9847e7a370726c64331a,WebCertificate+InstructorPaced06+2015
150392,89e210ab2c6b4e61964277f878f0fc,WebCertificate+InstructorPaced07+2015
150394,82673f87798e41b2b5751a014ca5e5,WebCertificate+InstructorPaced07+2015
150395,9f9b8a0b24dd43d4933a7613dc7af2,WebCertificate+InstructorPaced07+2015
150396,7043641a43e646c6b9ae0f649fee1e,WebCertificate+InstructorPaced07+2015
150397,b4e9cdba1cd74332ab0c6598a29360,WebCertificate+InstructorPaced07+2015
150398,bb6df0b5821343159be51e70ccb2e5,WebCertificate+InstructorPaced07+2015
150400,1cddb3fded5d449d98b116cdfcf271,WebCertificate+InstructorPaced07+2015
150403,e853e822e7ba418a8f92b436230a79,WebCertificate+InstructorPaced08+2015
150399,0c202128d362420a849a210792bb66,WebCertificate+InstructorPaced08+2015
150401,9d6de087e21b4b66afadf624a5aad1,WebCertificate+InstructorPaced07+2015
150402,83df7b1d02ba45979af308efceae90,WebCertificate+InstructorPaced07+2015
150404,c3b1259dabad41a68ea57edaa129ef,WebCertificate+InstructorPaced08+2015
150405,e8e7135f19f64868bf6cbec86a9b96,WebCertificate+InstructorPaced08+2015
150406,bf3a255fdf0a4a688b11be243e7825,WebCertificate+InstructorPaced08+2015
150407,92fc3f7cae514e0dbf5cc5c2c68a7d,WebCertificate+InstructorPaced08+2015
150408,bcc91a0b3d9e4ff9ba0b7280c1b51d,WebCertificate+InstructorPaced08+2015
150411,0fa21a36b6074098b98c48fa822f92,WebCertificate+InstructorPaced09+2015
150409,21394ceba4884da59dea369e3f92d4,WebCertificate+InstructorPaced08+2015
150410,b2edcbcef7d344d4a761855c2803fc,WebCertificate+InstructorPaced09+2015
150412,9e9cfba83cdc486f9dd0ce80f8dca8,WebCertificate+InstructorPaced08+2015
150413,e846df5e8d554c25ba815b0f43cc6e,WebCertificate+InstructorPaced08+2015
150414,c79202a5adc24df39e8a18a941e0fe,WebCertificate+InstructorPaced09+2015
150416,921f92c783c94e1a845689b1a0e77d,WebCertificate+InstructorPaced09+2015
150415,cf907cd4351f43089c7014790bb0df,WebCertificate+InstructorPaced09+2015
150417,6b1f5f6d28b24be4bfa9a49f0e1020,WebCertificate+InstructorPaced09+2015
150418,a3ccba8aaf204a3580280fb5f510a1,WebCertificate+InstructorPaced09+2015
150422,b4f625b162b4443cb24f3c651ec251,WebCertificate+InstructorPaced09+2015
150423,7e1db3aff6644a7991f0577315076a,WebCertificate+InstructorPaced09+2015
150419,9829f27421b44ca2ac82f1ae8f8ae7,WebCertificate+InstructorPaced10+2015
150421,a0933e3db4814932a6d4d91b2de054,WebCertificate+InstructorPaced10+2015
150420,4af5294d608f49339d8ca8e3f6d5b4,WebCertificate+InstructorPaced09+2015
150424,ad9fedbf918442508239e2eb968cf0,WebCertificate+InstructorPaced10+2015
150425,371b219df585431f91f0dc5fa12c99,WebCertificate+InstructorPaced10+2015
150426,114322053ed141f591292e1bec5ef6,WebCertificate+InstructorPaced10+2015
150427,f795666c40084301a3a4915e7944f1,WebCertificate+InstructorPaced10+2015
150428,20f7be64de4640ce83be155b810a9f,WebCertificate+InstructorPaced10+2015
150429,043bed5723d24ebdb5037fe8fa16b2,WebCertificate+InstructorPaced10+2015
150430,bad911ec1eb749d5868ebbe21df9c1,WebCertificate+InstructorPaced10+2015
150431,3fb5969a2f954879a7b8d51b8f032a,WebCertificate+InstructorPaced10+2015
150432,940a45d0683b43429d4ab119b2aa80,WebCertificate+InstructorPaced01+2015
150433,58742d2533b44a4694145c438b60de,WebCertificate+InstructorPaced01+2015
150434,dc3a4a17fd8045cdb0946fb63f02b0,WebCertificate+InstructorPaced01+2015
150435,08e42ac2dc2542f2bfe0e4050c0221,WebCertificate+InstructorPaced01+2015
150436,069500b3e212403388b842a0be52a7,WebCertificate+InstructorPaced01+2015
150437,9647b0d3f2be4e1bbfe303ca10ea6d,WebCertificate+InstructorPaced01+2015
150438,87678703c1a64df089dace07ca1c07,WebCertificate+InstructorPaced01+2015
150439,a988426659f44afbaec9328b0da500,WebCertificate+InstructorPaced01+2015
150440,fe6dd6424f324c3d87942edce1a613,WebCertificate+InstructorPaced01+2015
150441,3cf36158354e4bf8b007c669245b06,WebCertificate+InstructorPaced01+2015
150442,5e67ec554e5648cd8101c087a56c90,WebCertificate+InstructorPaced02+2015
150443,4de24a71c8cf4b37beeb4aac3f02c3,WebCertificate+InstructorPaced02+2015
150444,51c8909fc00645e0be10c8ecd74a28,WebCertificate+InstructorPaced02+2015
150445,09e037c073864a9a916d4490887557,WebCertificate+InstructorPaced02+2015
150446,6a1e94d075974dddb7e3176b4b3418,WebCertificate+InstructorPaced02+2015
150447,a32cb775d31c497cb7edb056228d95,WebCertificate+InstructorPaced02+2015
150448,fa3e274c5eac4a8985cffa703c2b8c,WebCertificate+InstructorPaced02+2015
150449,3f81357879ee47ba89d9e0cdfbcc36,WebCertificate+InstructorPaced02+2015
150450,ef4bb13799ae4e7797c8f8ee9bbac3,WebCertificate+InstructorPaced02+2015
150451,cf699b5e82af40e6b7e70bcdc1d2b0,WebCertificate+InstructorPaced02+2015
150452,9f2683b0acc6402cb0a86289402576,WebCertificate+InstructorPaced03+2015
150453,d763f2ec459d486384dffb9caecdca,WebCertificate+InstructorPaced03+2015
150454,7c57d2b09e4a4898a9346111d0b611,WebCertificate+InstructorPaced03+2015
150455,02803be70f2743bdb33ddf91acb114,WebCertificate+InstructorPaced03+2015
150456,f9dc71defd2f41edbdc72fa23c82f0,WebCertificate+InstructorPaced03+2015
150457,bf075ddd977c410aabafe1947dd884,WebCertificate+InstructorPaced03+2015
150459,dce2162552bc469981429adbf2c5ce,WebCertificate+InstructorPaced03+2015
150458,4c17051b9f604d76865b5951caeccd,WebCertificate+InstructorPaced03+2015
150460,1fef2d0c78804dfe92027e6133c712,WebCertificate+InstructorPaced03+2015
150461,63890b05756e4a0d901b50980baacc,WebCertificate+InstructorPaced03+2015
